conversation	sent_id	token_id	token
1	1	1	Do
1	1	2	you
1	1	3	still
1	1	4	enjoy
1	1	5	your
1	1	6	daily
1	1	7	walks
1	1	8	in
1	1	9	the
1	1	10	park
1	1	11	?
			
1	2	1	Oh
1	2	2	,
1	2	3	I
1	2	4	cherish
1	2	5	my
1	2	6	morning
1	2	7	walks
1	2	8	,
1	2	9	helps
1	2	10	me
1	2	11	stay
1	2	12	active
1	2	13	and
1	2	14	energized
1	2	15	.
			
1	3	1	That
1	3	2	's
1	3	3	wonderful
1	3	4	!
1	3	5	How
1	3	6	do
1	3	7	you
1	3	8	find
1	3	9	getting
1	3	10	around
1	3	11	the
1	3	12	neighborhood
1	3	13	these
1	3	14	days
1	3	15	?
			
1	4	1	With
1	4	2	my
1	4	3	trusty
1	4	4	old
1	4	5	bicycle
1	4	6	,
1	4	7	I
1	4	8	can
1	4	9	move
1	4	10	freely
1	4	11	and
1	4	12	independently
1	4	13	.
			
1	5	1	Impressive
1	5	2	!
1	5	3	When
1	5	4	was
1	5	5	the
1	5	6	last
1	5	7	time
1	5	8	you
1	5	9	went
1	5	10	on
1	5	11	a
1	5	12	trip
1	5	13	farther
1	5	14	away
1	5	15	from
1	5	16	home
1	5	17	?
			
1	6	1	Just
1	6	2	a
1	6	3	few
1	6	4	weeks
1	6	5	ago
1	6	6	,
1	6	7	took
1	6	8	a
1	6	9	lovely
1	6	10	train
1	6	11	ride
1	6	12	to
1	6	13	visit
1	6	14	my
1	6	15	grandkids
1	6	16	.
			
1	7	1	Sounds
1	7	2	like
1	7	3	a
1	7	4	lovely
1	7	5	trip
1	7	6	!
1	7	7	Did
1	7	8	you
1	7	9	have
1	7	10	easy
1	7	11	access
1	7	12	to
1	7	13	the
1	7	14	train
1	7	15	stations
1	7	16	?
			
1	8	1	Yes
1	8	2	,
1	8	3	the
1	8	4	stations
1	8	5	were
1	8	6	well
1	8	7	-
1	8	8	equipped
1	8	9	with
1	8	10	ramps
1	8	11	and
1	8	12	elevators
1	8	13	.
			
1	9	1	That
1	9	2	's
1	9	3	great
1	9	4	to
1	9	5	hear
1	9	6	!
1	9	7	How
1	9	8	do
1	9	9	you
1	9	10	feel
1	9	11	about
			
			
2	1	1	How
2	1	2	was
2	1	3	your
2	1	4	day
2	1	5	today
2	1	6	,
2	1	7	did
2	1	8	you
2	1	9	go
2	1	10	anywhere
2	1	11	interesting
2	1	12	?
			
2	2	1	Actually
2	2	2	,
2	2	3	I
2	2	4	took
2	2	5	a
2	2	6	taxi
2	2	7	to
2	2	8	the
2	2	9	market
2	2	10	to
2	2	11	buy
2	2	12	some
2	2	13	fresh
2	2	14	fruits
2	2	15	.
			
2	3	1	That
2	3	2	sounds
2	3	3	nice
2	3	4	,
2	3	5	how
2	3	6	often
2	3	7	do
2	3	8	you
2	3	9	usually
2	3	10	take
2	3	11	a
2	3	12	taxi
2	3	13	?
			
2	4	1	Only
2	4	2	when
2	4	3	I
2	4	4	need
2	4	5	to
2	4	6	buy
2	4	7	groceries
2	4	8	or
2	4	9	visit
2	4	10	the
2	4	11	doctor
2	4	12	.
			
2	5	1	I
2	5	2	see
2	5	3	.
2	5	4	How
2	5	5	do
2	5	6	you
2	5	7	find
2	5	8	taking
2	5	9	a
2	5	10	taxi
2	5	11	compared
2	5	12	to
2	5	13	taking
2	5	14	a
2	5	15	bus
2	5	16	?
			
2	6	1	Taking
2	6	2	a
2	6	3	taxi
2	6	4	is
2	6	5	more
2	6	6	comfortable
2	6	7	,
2	6	8	but
2	6	9	the
2	6	10	bus
2	6	11	is
2	6	12	more
2	6	13	affordable
2	6	14	.
			
2	7	1	Do
2	7	2	you
2	7	3	ever
2	7	4	travel
2	7	5	by
2	7	6	train
2	7	7	to
2	7	8	visit
2	7	9	family
2	7	10	out
2	7	11	of
2	7	12	town
2	7	13	?
			
2	8	1	Yes
2	8	2	,
2	8	3	occasionally
2	8	4	I
2	8	5	take
2	8	6	the
2	8	7	train
2	8	8	to
2	8	9	visit
2	8	10	my
2	8	11	grandchildren
2	8	12	.
			
2	9	1	That
2	9	2	must
2	9	3	be
2	9	4	nice
2	9	5	to
2	9	6	see
2	9	7	them
2	9	8	.
2	9	9	How
2	9	10	do
2	9	11	you
2	9	12	feel
2	9	13	about
2	9	14	traveling
2	9	15	by
2	9	16	train
2	9	17	?
			
			
3	1	1	How
3	1	2	was
3	1	3	your
3	1	4	day
3	1	5	,
3	1	6	did
3	1	7	you
3	1	8	get
3	1	9	to
3	1	10	go
3	1	11	out
3	1	12	today
3	1	13	?
			
3	2	1	Yes
3	2	2	,
3	2	3	I
3	2	4	went
3	2	5	for
3	2	6	a
3	2	7	walk
3	2	8	in
3	2	9	the
3	2	10	park
3	2	11	this
3	2	12	morning
3	2	13	.
			
3	3	1	That
3	3	2	sounds
3	3	3	nice
3	3	4	.
3	3	5	How
3	3	6	do
3	3	7	you
3	3	8	usually
3	3	9	get
3	3	10	there
3	3	11	?
			
3	4	1	I
3	4	2	usually
3	4	3	take
3	4	4	the
3	4	5	bus
3	4	6	to
3	4	7	the
3	4	8	park
3	4	9	to
3	4	10	enjoy
3	4	11	some
3	4	12	fresh
3	4	13	air
3	4	14	.
			
3	5	1	Do
3	5	2	you
3	5	3	prefer
3	5	4	taking
3	5	5	the
3	5	6	bus
3	5	7	over
3	5	8	other
3	5	9	modes
3	5	10	of
3	5	11	transportation
3	5	12	?
			
3	6	1	Yes
3	6	2	,
3	6	3	the
3	6	4	bus
3	6	5	is
3	6	6	convenient
3	6	7	and
3	6	8	I
3	6	9	enjoy
3	6	10	watching
3	6	11	the
3	6	12	scenery
3	6	13	on
3	6	14	the
3	6	15	way
3	6	16	.
			
3	7	1	How
3	7	2	was
3	7	3	your
3	7	4	ride
3	7	5	back
3	7	6	home
3	7	7	from
3	7	8	the
3	7	9	park
3	7	10	today
3	7	11	?
			
3	8	1	It
3	8	2	was
3	8	3	a
3	8	4	smooth
3	8	5	ride
3	8	6	back
3	8	7	on
3	8	8	the
3	8	9	bus
3	8	10	,
3	8	11	and
3	8	12	I
3	8	13	even
3	8	14	met
3	8	15	a
3	8	16	friendly
3	8	17	neighbor
3	8	18	.
			
			
4	1	1	How
4	1	2	was
4	1	3	your
4	1	4	day
4	1	5	,
4	1	6	anything
4	1	7	interesting
4	1	8	happen
4	1	9	today
4	1	10	?
			
4	2	1	Yes
4	2	2	,
4	2	3	I
4	2	4	went
4	2	5	for
4	2	6	a
4	2	7	walk
4	2	8	in
4	2	9	the
4	2	10	park
4	2	11	with
4	2	12	my
4	2	13	daughter
4	2	14	this
4	2	15	morning
4	2	16	.
			
4	3	1	That
4	3	2	sounds
4	3	3	lovely
4	3	4	!
4	3	5	Did
4	3	6	you
4	3	7	walk
4	3	8	there
4	3	9	or
4	3	10	did
4	3	11	you
4	3	12	need
4	3	13	any
4	3	14	assistance
4	3	15	?
			
4	4	1	I
4	4	2	walked
4	4	3	there
4	4	4	slowly
4	4	5	with
4	4	6	my
4	4	7	cane
4	4	8	,
4	4	9	but
4	4	10	enjoyed
4	4	11	the
4	4	12	fresh
4	4	13	air
4	4	14	.
			
4	5	1	That
4	5	2	's
4	5	3	great
4	5	4	to
4	5	5	hear
4	5	6	.
4	5	7	How
4	5	8	was
4	5	9	the
4	5	10	weather
4	5	11	during
4	5	12	your
4	5	13	walk
4	5	14	in
4	5	15	the
4	5	16	park
4	5	17	?
			
4	6	1	It
4	6	2	was
4	6	3	sunny
4	6	4	but
4	6	5	not
4	6	6	too
4	6	7	hot
4	6	8	,
4	6	9	perfect
4	6	10	for
4	6	11	a
4	6	12	leisurely
4	6	13	stroll
4	6	14	.
			
4	7	1	Sounds
4	7	2	like
4	7	3	a
4	7	4	nice
4	7	5	way
4	7	6	to
4	7	7	start
4	7	8	the
4	7	9	day
4	7	10	.
4	7	11	Did
4	7	12	you
4	7	13	stay
4	7	14	long
4	7	15	at
4	7	16	the
4	7	17	park
4	7	18	?
			
4	8	1	We
4	8	2	stayed
4	8	3	for
4	8	4	about
4	8	5	an
4	8	6	hour
4	8	7	before
4	8	8	heading
4	8	9	back
4	8	10	home
4	8	11	.
			
4	9	1	I
4	9	2	'm
4	9	3	glad
4	9	4	you
4	9	5	had
4	9	6	a
4	9	7	pleasant
4	9	8	experience
			
			
5	1	1	Do
5	1	2	you
5	1	3	go
5	1	4	out
5	1	5	often
5	1	6	,
5	1	7	or
5	1	8	do
5	1	9	you
5	1	10	prefer
5	1	11	staying
5	1	12	home
5	1	13	most
5	1	14	of
5	1	15	the
5	1	16	time
5	1	17	?
			
5	2	1	I
5	2	2	try
5	2	3	to
5	2	4	go
5	2	5	out
5	2	6	every
5	2	7	morning
5	2	8	to
5	2	9	run
5	2	10	errands
5	2	11	.
			
5	3	1	How
5	3	2	do
5	3	3	you
5	3	4	usually
5	3	5	get
5	3	6	around
5	3	7	for
5	3	8	your
5	3	9	errands
5	3	10	?
			
5	4	1	I
5	4	2	take
5	4	3	the
5	4	4	bus
5	4	5	to
5	4	6	the
5	4	7	market
5	4	8	and
5	4	9	walk
5	4	10	to
5	4	11	the
5	4	12	pharmacy
5	4	13	.
			
5	5	1	Do
5	5	2	you
5	5	3	enjoy
5	5	4	the
5	5	5	bus
5	5	6	ride
5	5	7	or
5	5	8	do
5	5	9	you
5	5	10	find
5	5	11	it
5	5	12	tiring
5	5	13	?
			
5	6	1	I
5	6	2	quite
5	6	3	like
5	6	4	seeing
5	6	5	different
5	6	6	people
5	6	7	during
5	6	8	the
5	6	9	bus
5	6	10	ride
5	6	11	.
			
5	7	1	That
5	7	2	sounds
5	7	3	nice
5	7	4	.
5	7	5	What
5	7	6	do
5	7	7	you
5	7	8	do
5	7	9	after
5	7	10	you
5	7	11	finish
5	7	12	your
5	7	13	errands
5	7	14	?
			
5	8	1	Sometimes
5	8	2	I
5	8	3	treat
5	8	4	myself
5	8	5	and
5	8	6	take
5	8	7	a
5	8	8	taxi
5	8	9	home
5	8	10	.
			
5	9	1	That
5	9	2	's
5	9	3	a
5	9	4	nice
5	9	5	way
5	9	6	to
5	9	7	end
5	9	8	your
5	9	9	day
5	9	10	out
5	9	11	!
			
			
6	1	1	How
6	1	2	was
6	1	3	your
6	1	4	day
6	1	5	today
6	1	6	?
			
6	2	1	Oh
6	2	2	,
6	2	3	it
6	2	4	was
6	2	5	good
6	2	6	.
6	2	7	I
6	2	8	went
6	2	9	for
6	2	10	a
6	2	11	walk
6	2	12	in
6	2	13	the
6	2	14	park
6	2	15	this
6	2	16	morning
6	2	17	.
			
6	3	1	That
6	3	2	sounds
6	3	3	nice
6	3	4	.
6	3	5	How
6	3	6	do
6	3	7	you
6	3	8	usually
6	3	9	get
6	3	10	to
6	3	11	the
6	3	12	park
6	3	13	?
			
6	4	1	I
6	4	2	usually
6	4	3	take
6	4	4	the
6	4	5	bus
6	4	6	that
6	4	7	stops
6	4	8	near
6	4	9	my
6	4	10	house
6	4	11	.
			
6	5	1	That
6	5	2	's
6	5	3	convenient
6	5	4	.
6	5	5	What
6	5	6	time
6	5	7	did
6	5	8	you
6	5	9	catch
6	5	10	the
6	5	11	bus
6	5	12	today
6	5	13	?
			
6	6	1	I
6	6	2	caught
6	6	3	the
6	6	4	bus
6	6	5	around
6	6	6	9
6	6	7	a.m.
6	6	8	this
6	6	9	morning
6	6	10	.
			
6	7	1	Did
6	7	2	you
6	7	3	have
6	7	4	a
6	7	5	peaceful
6	7	6	walk
6	7	7	in
6	7	8	the
6	7	9	park
6	7	10	today
6	7	11	?
			
6	8	1	Yes
6	8	2	,
6	8	3	it
6	8	4	was
6	8	5	very
6	8	6	peaceful
6	8	7	.
6	8	8	I
6	8	9	enjoy
6	8	10	spending
6	8	11	time
6	8	12	outdoors
6	8	13	.
			
6	9	1	It
6	9	2	's
6	9	3	great
6	9	4	to
6	9	5	hear
6	9	6	that
6	9	7	you
6	9	8	had
6	9	9	a
6	9	10	pleasant
6	9	11	morning
6	9	12	.
			
			
7	1	1	How
7	1	2	was
7	1	3	your
7	1	4	day
7	1	5	,
7	1	6	did
7	1	7	you
7	1	8	go
7	1	9	for
7	1	10	a
7	1	11	walk
7	1	12	today
7	1	13	?
			
7	2	1	Oh
7	2	2	no
7	2	3	,
7	2	4	I
7	2	5	did
7	2	6	n't
7	2	7	walk
7	2	8	today
7	2	9	.
7	2	10	I
7	2	11	took
7	2	12	a
7	2	13	taxi
7	2	14	to
7	2	15	the
7	2	16	market
7	2	17	in
7	2	18	the
7	2	19	morning
7	2	20	.
			
7	3	1	That
7	3	2	's
7	3	3	convenient
7	3	4	.
7	3	5	How
7	3	6	was
7	3	7	your
7	3	8	trip
7	3	9	in
7	3	10	the
7	3	11	taxi
7	3	12	?
			
7	4	1	It
7	4	2	was
7	4	3	comfortable
7	4	4	,
7	4	5	but
7	4	6	I
7	4	7	prefer
7	4	8	driving
7	4	9	my
7	4	10	car
7	4	11	if
7	4	12	it
7	4	13	's
7	4	14	not
7	4	15	too
7	4	16	far
7	4	17	.
			
7	5	1	I
7	5	2	understand
7	5	3	.
7	5	4	Do
7	5	5	you
7	5	6	usually
7	5	7	drive
7	5	8	yourself
7	5	9	around
7	5	10	the
7	5	11	neighborhood
7	5	12	?
			
7	6	1	Yes
7	6	2	,
7	6	3	I
7	6	4	do
7	6	5	.
7	6	6	It
7	6	7	's
7	6	8	good
7	6	9	for
7	6	10	me
7	6	11	to
7	6	12	keep
7	6	13	active
7	6	14	and
7	6	15	independent
7	6	16	.
			
7	7	1	That
7	7	2	's
7	7	3	great
7	7	4	to
7	7	5	hear
7	7	6	.
7	7	7	Have
7	7	8	you
7	7	9	been
7	7	10	driving
7	7	11	for
7	7	12	a
7	7	13	long
7	7	14	time
7	7	15	?
			
7	8	1	Oh
7	8	2	yes
7	8	3	,
7	8	4	I
7	8	5	've
7	8	6	been
7	8	7	driving
7	8	8	for
7	8	9	over
7	8	10	40
7	8	11	years
7	8	12	now
7	8	13	.
			
			
8	1	1	How
8	1	2	do
8	1	3	you
8	1	4	usually
8	1	5	get
8	1	6	to
8	1	7	the
8	1	8	grocery
8	1	9	store
8	1	10	?
			
8	2	1	Oh
8	2	2	,
8	2	3	I
8	2	4	take
8	2	5	the
8	2	6	bus
8	2	7	every
8	2	8	Saturday
8	2	9	morning
8	2	10	.
			
8	3	1	That
8	3	2	's
8	3	3	convenient
8	3	4	.
8	3	5	Do
8	3	6	you
8	3	7	have
8	3	8	any
8	3	9	difficulty
8	3	10	stepping
8	3	11	onto
8	3	12	the
8	3	13	bus
8	3	14	?
			
8	4	1	Yes
8	4	2	,
8	4	3	I
8	4	4	often
8	4	5	need
8	4	6	help
8	4	7	from
8	4	8	the
8	4	9	driver
8	4	10	or
8	4	11	other
8	4	12	passengers
8	4	13	.
			
8	5	1	I
8	5	2	see
8	5	3	.
8	5	4	And
8	5	5	what
8	5	6	about
8	5	7	going
8	5	8	to
8	5	9	the
8	5	10	doctor
8	5	11	's
8	5	12	appointments
8	5	13	?
			
8	6	1	My
8	6	2	son
8	6	3	drives
8	6	4	me
8	6	5	there
8	6	6	every
8	6	7	other
8	6	8	week
8	6	9	.
			
8	7	1	That
8	7	2	's
8	7	3	nice
8	7	4	of
8	7	5	him
8	7	6	.
8	7	7	Do
8	7	8	you
8	7	9	find
8	7	10	it
8	7	11	comfortable
8	7	12	in
8	7	13	the
8	7	14	car
8	7	15	?
			
8	8	1	Yes
8	8	2	,
8	8	3	but
8	8	4	sometimes
8	8	5	getting
8	8	6	in
8	8	7	and
8	8	8	out
8	8	9	is
8	8	10	a
8	8	11	bit
8	8	12	challenging
8	8	13	for
8	8	14	me
8	8	15	.
			
			
9	1	1	How
9	1	2	was
9	1	3	your
9	1	4	day
9	1	5	,
9	1	6	Barbara
9	1	7	?
			
9	2	1	Oh
9	2	2	,
9	2	3	it
9	2	4	was
9	2	5	quite
9	2	6	eventful
9	2	7	!
			
9	3	1	What
9	3	2	did
9	3	3	you
9	3	4	do
9	3	5	today
9	3	6	?
			
9	4	1	I
9	4	2	took
9	4	3	a
9	4	4	bus
9	4	5	to
9	4	6	the
9	4	7	park
9	4	8	this
9	4	9	afternoon
9	4	10	.
			
9	5	1	That
9	5	2	sounds
9	5	3	nice
9	5	4	.
9	5	5	Did
9	5	6	you
9	5	7	go
9	5	8	alone
9	5	9	?
			
9	6	1	No
9	6	2	,
9	6	3	my
9	6	4	neighbor
9	6	5	joined
9	6	6	me
9	6	7	for
9	6	8	a
9	6	9	walk
9	6	10	.
			
9	7	1	How
9	7	2	did
9	7	3	you
9	7	4	feel
9	7	5	during
9	7	6	the
9	7	7	bus
9	7	8	ride
9	7	9	?
			
9	8	1	I
9	8	2	felt
9	8	3	a
9	8	4	bit
9	8	5	shaky
9	8	6	but
9	8	7	managed
9	8	8	just
9	8	9	fine
9	8	10	.
			
			
10	1	1	How
10	1	2	was
10	1	3	your
10	1	4	day
10	1	5	so
10	1	6	far
10	1	7	?
			
10	2	1	Oh
10	2	2	,
10	2	3	I
10	2	4	woke
10	2	5	up
10	2	6	early
10	2	7	and
10	2	8	took
10	2	9	a
10	2	10	bus
10	2	11	to
10	2	12	the
10	2	13	bakery
10	2	14	to
10	2	15	buy
10	2	16	some
10	2	17	bread
10	2	18	.
			
10	3	1	That
10	3	2	sounds
10	3	3	nice
10	3	4	.
10	3	5	How
10	3	6	was
10	3	7	the
10	3	8	bus
10	3	9	ride
10	3	10	this
10	3	11	morning
10	3	12	?
			
10	4	1	It
10	4	2	was
10	4	3	quite
10	4	4	smooth
10	4	5	.
10	4	6	I
10	4	7	sat
10	4	8	near
10	4	9	the
10	4	10	front
10	4	11	to
10	4	12	make
10	4	13	it
10	4	14	easy
10	4	15	to
10	4	16	get
10	4	17	off
10	4	18	.
			
10	5	1	Did
10	5	2	you
10	5	3	have
10	5	4	any
10	5	5	plans
10	5	6	for
10	5	7	later
10	5	8	today
10	5	9	?
			
10	6	1	Yes
10	6	2	,
10	6	3	I
10	6	4	need
10	6	5	to
10	6	6	drive
10	6	7	to
10	6	8	the
10	6	9	pharmacy
10	6	10	to
10	6	11	pick
10	6	12	up
10	6	13	my
10	6	14	medication
10	6	15	.
			
10	7	1	Are
10	7	2	you
10	7	3	feeling
10	7	4	up
10	7	5	to
10	7	6	driving
10	7	7	today
10	7	8	?
			
10	8	1	I
10	8	2	feel
10	8	3	confident
10	8	4	taking
10	8	5	a
10	8	6	short
10	8	7	drive
10	8	8	to
10	8	9	the
10	8	10	pharmacy
10	8	11	and
10	8	12	back
10	8	13	.
			
10	9	1	Alright
10	9	2	,
10	9	3	just
10	9	4	drive
10	9	5	safely
10	9	6	and
10	9	7	take
10	9	8	care
10	9	9	of
10	9	10	yourself
10	9	11	.
			
			
11	1	1	How
11	1	2	was
11	1	3	your
11	1	4	day
11	1	5	today
11	1	6	?
11	1	7	Any
11	1	8	interesting
11	1	9	activities
11	1	10	?
			
11	2	1	I
11	2	2	went
11	2	3	for
11	2	4	a
11	2	5	walk
11	2	6	in
11	2	7	the
11	2	8	park
11	2	9	this
11	2	10	morning
11	2	11	.
			
11	3	1	That
11	3	2	sounds
11	3	3	lovely
11	3	4	.
11	3	5	How
11	3	6	did
11	3	7	you
11	3	8	get
11	3	9	to
11	3	10	the
11	3	11	park
11	3	12	?
			
11	4	1	I
11	4	2	walked
11	4	3	there
11	4	4	;
11	4	5	it
11	4	6	's
11	4	7	not
11	4	8	too
11	4	9	far
11	4	10	from
11	4	11	my
11	4	12	place
11	4	13	.
			
11	5	1	Did
11	5	2	you
11	5	3	use
11	5	4	any
11	5	5	walking
11	5	6	aids
11	5	7	today
11	5	8	?
			
11	6	1	No
11	6	2	,
11	6	3	I
11	6	4	felt
11	6	5	strong
11	6	6	enough
11	6	7	to
11	6	8	walk
11	6	9	without
11	6	10	any
11	6	11	assistive
11	6	12	devices
11	6	13	.
			
11	7	1	That
11	7	2	's
11	7	3	great
11	7	4	to
11	7	5	hear
11	7	6	.
11	7	7	How
11	7	8	long
11	7	9	did
11	7	10	you
11	7	11	spend
11	7	12	at
11	7	13	the
11	7	14	park
11	7	15	?
			
11	8	1	I
11	8	2	stayed
11	8	3	for
11	8	4	about
11	8	5	an
11	8	6	hour
11	8	7	,
11	8	8	enjoying
11	8	9	the
11	8	10	fresh
11	8	11	air
11	8	12	and
11	8	13	scenery
11	8	14	.
			
11	9	1	Sounds
11	9	2	like
11	9	3	a
11	9	4	nice
11	9	5	way
11	9	6	to
11	9	7	start
11	9	8	your
11	9	9	day
11	9	10	!
			
			
12	1	1	How
12	1	2	was
12	1	3	your
12	1	4	day
12	1	5	yesterday
12	1	6	?
12	1	7	Did
12	1	8	you
12	1	9	go
12	1	10	out
12	1	11	anywhere
12	1	12	interesting
12	1	13	?
			
12	2	1	Oh
12	2	2	,
12	2	3	I
12	2	4	ventured
12	2	5	out
12	2	6	in
12	2	7	the
12	2	8	afternoon
12	2	9	to
12	2	10	the
12	2	11	local
12	2	12	park
12	2	13	.
			
12	3	1	That
12	3	2	's
12	3	3	nice
12	3	4	.
12	3	5	How
12	3	6	did
12	3	7	you
12	3	8	get
12	3	9	to
12	3	10	the
12	3	11	park
12	3	12	?
			
12	4	1	I
12	4	2	took
12	4	3	the
12	4	4	bus
12	4	5	,
12	4	6	it
12	4	7	's
12	4	8	convenient
12	4	9	for
12	4	10	me
12	4	11	.
			
12	5	1	That
12	5	2	's
12	5	3	great
12	5	4	!
12	5	5	Do
12	5	6	you
12	5	7	usually
12	5	8	take
12	5	9	the
12	5	10	bus
12	5	11	for
12	5	12	your
12	5	13	outings
12	5	14	?
			
12	6	1	Yes
12	6	2	,
12	6	3	the
12	6	4	bus
12	6	5	is
12	6	6	accessible
12	6	7	and
12	6	8	saves
12	6	9	me
12	6	10	the
12	6	11	trouble
12	6	12	of
12	6	13	driving
12	6	14	.
			
12	7	1	I
12	7	2	'm
12	7	3	glad
12	7	4	to
12	7	5	hear
12	7	6	the
12	7	7	bus
12	7	8	is
12	7	9	a
12	7	10	good
12	7	11	option
12	7	12	for
12	7	13	you
12	7	14	.
			
12	8	1	It
12	8	2	truly
12	8	3	is
12	8	4	,
12	8	5	makes
12	8	6	getting
12	8	7	around
12	8	8	much
12	8	9	easier
12	8	10	nowadays
12	8	11	.
			
			
13	1	1	How
13	1	2	was
13	1	3	your
13	1	4	day
13	1	5	today
13	1	6	?
			
13	2	1	Not
13	2	2	bad
13	2	3	,
13	2	4	I
13	2	5	managed
13	2	6	to
13	2	7	take
13	2	8	a
13	2	9	walk
13	2	10	in
13	2	11	the
13	2	12	park
13	2	13	this
13	2	14	morning
13	2	15	.
			
13	3	1	That
13	3	2	sounds
13	3	3	nice
13	3	4	!
13	3	5	How
13	3	6	far
13	3	7	did
13	3	8	you
13	3	9	walk
13	3	10	?
			
13	4	1	Just
13	4	2	a
13	4	3	quick
13	4	4	lap
13	4	5	around
13	4	6	the
13	4	7	pond
13	4	8	,
13	4	9	about
13	4	10	10
13	4	11	minutes
13	4	12	.
			
13	5	1	Did
13	5	2	you
13	5	3	use
13	5	4	your
13	5	5	walking
13	5	6	stick
13	5	7	today
13	5	8	?
			
13	6	1	Yes
13	6	2	,
13	6	3	I
13	6	4	find
13	6	5	it
13	6	6	helpful
13	6	7	for
13	6	8	balance
13	6	9	.
			
13	7	1	Have
13	7	2	you
13	7	3	thought
13	7	4	about
13	7	5	trying
13	7	6	swimming
13	7	7	for
13	7	8	some
13	7	9	exercise
13	7	10	?
			
13	8	1	I
13	8	2	used
13	8	3	to
13	8	4	go
13	8	5	swimming
13	8	6	with
13	8	7	my
13	8	8	grandchildren
13	8	9	at
13	8	10	the
13	8	11	pool
13	8	12	.
			
13	9	1	That
13	9	2	's
13	9	3	great
13	9	4	!
13	9	5	Maybe
13	9	6	you
13	9	7	can
13	9	8	try
13	9	9	that
13	9	10	again
13	9	11	sometime
13	9	12	.
			
			
14	1	1	How
14	1	2	do
14	1	3	you
14	1	4	usually
14	1	5	manage
14	1	6	to
14	1	7	get
14	1	8	to
14	1	9	your
14	1	10	appointments
14	1	11	,
14	1	12	Mary
14	1	13	?
			
14	2	1	Oh
14	2	2	,
14	2	3	I
14	2	4	take
14	2	5	the
14	2	6	bus
14	2	7	every
14	2	8	Thursday
14	2	9	morning
14	2	10	to
14	2	11	go
14	2	12	to
14	2	13	the
14	2	14	clinic
14	2	15	.
			
14	3	1	That
14	3	2	's
14	3	3	great
14	3	4	.
14	3	5	Is
14	3	6	the
14	3	7	bus
14	3	8	stop
14	3	9	near
14	3	10	your
14	3	11	house
14	3	12	?
			
14	4	1	Yes
14	4	2	,
14	4	3	it
14	4	4	's
14	4	5	just
14	4	6	a
14	4	7	five
14	4	8	-
14	4	9	minute
14	4	10	walk
14	4	11	away
14	4	12	.
			
14	5	1	Do
14	5	2	you
14	5	3	find
14	5	4	it
14	5	5	easy
14	5	6	to
14	5	7	navigate
14	5	8	the
14	5	9	bus
14	5	10	schedule
14	5	11	?
			
14	6	1	With
14	6	2	my
14	6	3	timetable
14	6	4	in
14	6	5	hand
14	6	6	,
14	6	7	it
14	6	8	's
14	6	9	not
14	6	10	too
14	6	11	confusing
14	6	12	.
			
14	7	1	It
14	7	2	's
14	7	3	good
14	7	4	you
14	7	5	have
14	7	6	a
14	7	7	system
14	7	8	that
14	7	9	works
14	7	10	for
14	7	11	you
14	7	12	.
14	7	13	How
14	7	14	was
14	7	15	your
14	7	16	last
14	7	17	journey
14	7	18	on
14	7	19	the
14	7	20	bus
14	7	21	?
			
14	8	1	It
14	8	2	was
14	8	3	smooth
14	8	4	;
14	8	5	I
14	8	6	even
14	8	7	had
14	8	8	a
14	8	9	nice
14	8	10	chat
14	8	11	with
14	8	12	the
14	8	13	driver
14	8	14	.
			
			
15	1	1	How
15	1	2	was
15	1	3	your
15	1	4	day
15	1	5	,
15	1	6	getting
15	1	7	around
15	1	8	today
15	1	9	?
			
15	2	1	I
15	2	2	took
15	2	3	a
15	2	4	leisurely
15	2	5	walk
15	2	6	in
15	2	7	the
15	2	8	park
15	2	9	this
15	2	10	morning
15	2	11	.
			
15	3	1	Sounds
15	3	2	like
15	3	3	a
15	3	4	pleasant
15	3	5	way
15	3	6	to
15	3	7	start
15	3	8	the
15	3	9	day
15	3	10	.
15	3	11	Did
15	3	12	you
15	3	13	need
15	3	14	any
15	3	15	assistance
15	3	16	?
			
15	4	1	No
15	4	2	,
15	4	3	I
15	4	4	managed
15	4	5	to
15	4	6	walk
15	4	7	without
15	4	8	any
15	4	9	assistance
15	4	10	today
15	4	11	.
			
15	5	1	That
15	5	2	's
15	5	3	great
15	5	4	to
15	5	5	hear
15	5	6	.
15	5	7	Have
15	5	8	you
15	5	9	made
15	5	10	any
15	5	11	exciting
15	5	12	plans
15	5	13	for
15	5	14	later
15	5	15	?
			
15	6	1	I
15	6	2	have
15	6	3	an
15	6	4	appointment
15	6	5	with
15	6	6	my
15	6	7	doctor
15	6	8	in
15	6	9	the
15	6	10	afternoon
15	6	11	.
			
15	7	1	Will
15	7	2	you
15	7	3	be
15	7	4	driving
15	7	5	there
15	7	6	yourself
15	7	7	?
			
15	8	1	No
15	8	2	,
15	8	3	my
15	8	4	son
15	8	5	will
15	8	6	drive
15	8	7	me
15	8	8	to
15	8	9	the
15	8	10	appointment
15	8	11	.
			
15	9	1	That
15	9	2	's
15	9	3	lovely
15	9	4	.
15	9	5	I
15	9	6	hope
15	9	7	everything
15	9	8	goes
15	9	9	well
15	9	10	during
15	9	11	your
15	9	12	appointment
15	9	13	.
			
			
16	1	1	How
16	1	2	was
16	1	3	your
16	1	4	day
16	1	5	today
16	1	6	,
16	1	7	getting
16	1	8	around
16	1	9	?
			
16	2	1	I
16	2	2	took
16	2	3	the
16	2	4	bus
16	2	5	to
16	2	6	visit
16	2	7	my
16	2	8	friend
16	2	9	this
16	2	10	morning
16	2	11	.
			
16	3	1	That
16	3	2	sounds
16	3	3	nice
16	3	4	!
16	3	5	When
16	3	6	does
16	3	7	the
16	3	8	bus
16	3	9	usually
16	3	10	come
16	3	11	?
			
16	4	1	It
16	4	2	arrives
16	4	3	at
16	4	4	the
16	4	5	stop
16	4	6	nearest
16	4	7	my
16	4	8	house
16	4	9	around
16	4	10	9
16	4	11	a.m.
			
16	5	1	Do
16	5	2	you
16	5	3	enjoy
16	5	4	taking
16	5	5	the
16	5	6	bus
16	5	7	for
16	5	8	your
16	5	9	travels
16	5	10	?
			
16	6	1	Yes
16	6	2	,
16	6	3	it
16	6	4	's
16	6	5	convenient
16	6	6	and
16	6	7	allows
16	6	8	me
16	6	9	to
16	6	10	relax
16	6	11	on
16	6	12	the
16	6	13	way
16	6	14	.
			
16	7	1	What
16	7	2	else
16	7	3	did
16	7	4	you
16	7	5	do
16	7	6	after
16	7	7	visiting
16	7	8	your
16	7	9	friend
16	7	10	?
			
16	8	1	I
16	8	2	went
16	8	3	for
16	8	4	a
16	8	5	gentle
16	8	6	walk
16	8	7	around
16	8	8	the
16	8	9	park
16	8	10	to
16	8	11	get
16	8	12	some
16	8	13	fresh
16	8	14	air
16	8	15	.
			
			
17	1	1	How
17	1	2	was
17	1	3	your
17	1	4	day
17	1	5	today
17	1	6	?
17	1	7	Any
17	1	8	exciting
17	1	9	events
17	1	10	happen
17	1	11	?
			
17	2	1	Well
17	2	2	,
17	2	3	I
17	2	4	took
17	2	5	a
17	2	6	peaceful
17	2	7	stroll
17	2	8	in
17	2	9	the
17	2	10	park
17	2	11	this
17	2	12	morning
17	2	13	.
			
17	3	1	That
17	3	2	sounds
17	3	3	refreshing
17	3	4	!
17	3	5	How
17	3	6	do
17	3	7	you
17	3	8	usually
17	3	9	spend
17	3	10	your
17	3	11	afternoons
17	3	12	?
			
17	4	1	I
17	4	2	usually
17	4	3	take
17	4	4	a
17	4	5	bus
17	4	6	to
17	4	7	visit
17	4	8	the
17	4	9	library
17	4	10	in
17	4	11	the
17	4	12	afternoons
17	4	13	.
			
17	5	1	Nice
17	5	2	,
17	5	3	reading
17	5	4	is
17	5	5	always
17	5	6	relaxing
17	5	7	.
17	5	8	And
17	5	9	in
17	5	10	the
17	5	11	evenings
17	5	12	,
17	5	13	what
17	5	14	do
17	5	15	you
17	5	16	do
17	5	17	?
			
17	6	1	In
17	6	2	the
17	6	3	evenings
17	6	4	,
17	6	5	I
17	6	6	enjoy
17	6	7	sitting
17	6	8	in
17	6	9	my
17	6	10	backyard
17	6	11	,
17	6	12	hearing
17	6	13	the
17	6	14	birds
17	6	15	sing
17	6	16	.
			
17	7	1	That
17	7	2	sounds
17	7	3	lovely
17	7	4	.
17	7	5	Have
17	7	6	you
17	7	7	been
17	7	8	planning
17	7	9	any
17	7	10	special
17	7	11	trips
17	7	12	lately
17	7	13	?
			
17	8	1	Yes
17	8	2	,
17	8	3	I
17	8	4	am
17	8	5	looking
17	8	6	forward
17	8	7	to
17	8	8	an
17	8	9	upcoming
17	8	10	train
17	8	11	journey
17	8	12	with
17	8	13	my
17	8	14	family
17	8	15	.
			
17	9	1	Train
17	9	2	rides
17	9	3	can
17	9	4	be
17	9	5	so
17	9	6	enjoyable
17	9	7	.
17	9	8	I
17	9	9	hope
17	9	10	you
			
			
18	1	1	How
18	1	2	was
18	1	3	your
18	1	4	day
18	1	5	,
18	1	6	did
18	1	7	you
18	1	8	have
18	1	9	any
18	1	10	interesting
18	1	11	activities
18	1	12	?
			
18	2	1	Yes
18	2	2	,
18	2	3	I
18	2	4	took
18	2	5	a
18	2	6	long
18	2	7	walk
18	2	8	in
18	2	9	the
18	2	10	park
18	2	11	this
18	2	12	morning
18	2	13	.
			
18	3	1	That
18	3	2	sounds
18	3	3	refreshing
18	3	4	!
18	3	5	How
18	3	6	often
18	3	7	do
18	3	8	you
18	3	9	walk
18	3	10	in
18	3	11	the
18	3	12	park
18	3	13	?
			
18	4	1	I
18	4	2	try
18	4	3	to
18	4	4	walk
18	4	5	every
18	4	6	morning
18	4	7	,
18	4	8	it
18	4	9	helps
18	4	10	me
18	4	11	get
18	4	12	some
18	4	13	fresh
18	4	14	air
18	4	15	and
18	4	16	exercise
18	4	17	.
			
18	5	1	That
18	5	2	's
18	5	3	great
18	5	4	for
18	5	5	staying
18	5	6	active
18	5	7	.
18	5	8	Do
18	5	9	you
18	5	10	need
18	5	11	any
18	5	12	assistance
18	5	13	while
18	5	14	walking
18	5	15	?
			
18	6	1	Not
18	6	2	really
18	6	3	,
18	6	4	I
18	6	5	go
18	6	6	at
18	6	7	my
18	6	8	own
18	6	9	pace
18	6	10	,
18	6	11	and
18	6	12	it
18	6	13	's
18	6	14	nice
18	6	15	having
18	6	16	time
18	6	17	to
18	6	18	myself
18	6	19	.
			
18	7	1	It
18	7	2	's
18	7	3	important
18	7	4	to
18	7	5	have
18	7	6	that
18	7	7	independence
18	7	8	.
18	7	9	What
18	7	10	other
18	7	11	activities
18	7	12	do
18	7	13	you
18	7	14	enjoy
18	7	15	during
18	7	16	the
18	7	17	day
18	7	18	?
			
18	8	1	I
18	8	2	usually
18	8	3	go
18	8	4	swimming
18	8	5	in
18	8	6	the
18	8	7	afternoon
18	8	8	,
18	8	9	it
18	8	10	's
18	8	11	relaxing
18	8	12	and
18	8	13	good
18	8	14	for
18	8	15	my
18	8	16	mobility
18	8	17	.
			
			
19	1	1	How
19	1	2	was
19	1	3	your
19	1	4	day
19	1	5	today
19	1	6	,
19	1	7	did
19	1	8	you
19	1	9	do
19	1	10	anything
19	1	11	interesting
19	1	12	?
			
19	2	1	Well
19	2	2	,
19	2	3	this
19	2	4	morning
19	2	5	,
19	2	6	I
19	2	7	took
19	2	8	a
19	2	9	nice
19	2	10	walk
19	2	11	in
19	2	12	the
19	2	13	park
19	2	14	near
19	2	15	my
19	2	16	house
19	2	17	.
			
19	3	1	That
19	3	2	sounds
19	3	3	lovely
19	3	4	,
19	3	5	how
19	3	6	far
19	3	7	do
19	3	8	you
19	3	9	usually
19	3	10	walk
19	3	11	?
			
19	4	1	I
19	4	2	usually
19	4	3	walk
19	4	4	for
19	4	5	about
19	4	6	30
19	4	7	minutes
19	4	8	,
19	4	9	it
19	4	10	helps
19	4	11	me
19	4	12	stay
19	4	13	active
19	4	14	.
			
19	5	1	That
19	5	2	's
19	5	3	great
19	5	4	for
19	5	5	your
19	5	6	mobility
19	5	7	.
19	5	8	Do
19	5	9	you
19	5	10	do
19	5	11	anything
19	5	12	else
19	5	13	to
19	5	14	stay
19	5	15	mobile
19	5	16	?
			
19	6	1	Yes
19	6	2	,
19	6	3	I
19	6	4	also
19	6	5	do
19	6	6	some
19	6	7	light
19	6	8	stretching
19	6	9	exercises
19	6	10	at
19	6	11	home
19	6	12	to
19	6	13	keep
19	6	14	my
19	6	15	muscles
19	6	16	flexible
19	6	17	.
			
19	7	1	That
19	7	2	's
19	7	3	a
19	7	4	good
19	7	5	routine
19	7	6	to
19	7	7	have
19	7	8	.
19	7	9	Have
19	7	10	you
19	7	11	thought
19	7	12	about
19	7	13	trying
19	7	14	any
19	7	15	other
19	7	16	mobility
19	7	17	exercises
19	7	18	?
			
19	8	1	Hmm
19	8	2	,
19	8	3	maybe
19	8	4	I
19	8	5	could
19	8	6	look
19	8	7	into
19	8	8	joining
19	8	9	a
19	8	10	local
19	8	11	exercise
19	8	12	class
19	8	13	for
19	8	14	seniors
19	8	15	.
			
			
20	1	1	How
20	1	2	was
20	1	3	your
20	1	4	day
20	1	5	today
20	1	6	?
			
20	2	1	I
20	2	2	went
20	2	3	for
20	2	4	a
20	2	5	walk
20	2	6	around
20	2	7	the
20	2	8	park
20	2	9	this
20	2	10	morning
20	2	11	.
			
20	3	1	That
20	3	2	's
20	3	3	great
20	3	4	!
20	3	5	How
20	3	6	far
20	3	7	did
20	3	8	you
20	3	9	walk
20	3	10	?
			
20	4	1	Just
20	4	2	a
20	4	3	short
20	4	4	walk
20	4	5	,
20	4	6	around
20	4	7	the
20	4	8	perimeter
20	4	9	of
20	4	10	the
20	4	11	park
20	4	12	.
			
20	5	1	Did
20	5	2	you
20	5	3	take
20	5	4	your
20	5	5	usual
20	5	6	route
20	5	7	?
			
20	6	1	Yes
20	6	2	,
20	6	3	I
20	6	4	always
20	6	5	follow
20	6	6	the
20	6	7	same
20	6	8	path
20	6	9	.
			
20	7	1	It
20	7	2	's
20	7	3	nice
20	7	4	to
20	7	5	have
20	7	6	a
20	7	7	routine
20	7	8	.
20	7	9	How
20	7	10	did
20	7	11	you
20	7	12	feel
20	7	13	afterwards
20	7	14	?
			
20	8	1	I
20	8	2	felt
20	8	3	better
20	8	4	,
20	8	5	more
20	8	6	energized
20	8	7	.
			
20	9	1	That
20	9	2	's
20	9	3	wonderful
20	9	4	to
20	9	5	hear
20	9	6	.
20	9	7	Being
20	9	8	active
20	9	9	can
20	9	10	do
20	9	11	wonders
20	9	12	for
20	9	13	your
20	9	14	well
20	9	15	-
20	9	16	being
20	9	17	.
			
			
21	1	1	How
21	1	2	was
21	1	3	your
21	1	4	day
21	1	5	,
21	1	6	Ms.
21	1	7	Anderson
21	1	8	?
			
21	2	1	Oh
21	2	2	,
21	2	3	it
21	2	4	was
21	2	5	quite
21	2	6	eventful
21	2	7	.
21	2	8	This
21	2	9	morning
21	2	10	,
21	2	11	I
21	2	12	had
21	2	13	my
21	2	14	daily
21	2	15	walk
21	2	16	in
21	2	17	the
21	2	18	park
21	2	19	.
			
21	3	1	That
21	3	2	's
21	3	3	great
21	3	4	to
21	3	5	hear
21	3	6	.
21	3	7	How
21	3	8	long
21	3	9	do
21	3	10	you
21	3	11	usually
21	3	12	walk
21	3	13	for
21	3	14	?
			
21	4	1	I
21	4	2	walk
21	4	3	for
21	4	4	about
21	4	5	30
21	4	6	minutes
21	4	7	every
21	4	8	morning
21	4	9	to
21	4	10	stay
21	4	11	active
21	4	12	.
			
21	5	1	Impressive
21	5	2	!
21	5	3	What
21	5	4	else
21	5	5	did
21	5	6	you
21	5	7	do
21	5	8	today
21	5	9	?
			
21	6	1	I
21	6	2	took
21	6	3	the
21	6	4	bus
21	6	5	to
21	6	6	go
21	6	7	to
21	6	8	the
21	6	9	grocery
21	6	10	store
21	6	11	and
21	6	12	did
21	6	13	some
21	6	14	shopping
21	6	15	.
			
21	7	1	Nice
21	7	2	!
21	7	3	Do
21	7	4	you
21	7	5	find
21	7	6	taking
21	7	7	the
21	7	8	bus
21	7	9	convenient
21	7	10	for
21	7	11	your
21	7	12	daily
21	7	13	errands
21	7	14	?
			
21	8	1	Yes
21	8	2	,
21	8	3	it
21	8	4	's
21	8	5	very
21	8	6	convenient
21	8	7	for
21	8	8	me
21	8	9	,
21	8	10	especially
21	8	11	with
21	8	12	the
21	8	13	bus
21	8	14	stop
21	8	15	close
21	8	16	to
21	8	17	my
21	8	18	house
21	8	19	.
			
21	9	1	That
21	9	2	's
21	9	3	good
21	9	4	to
21	9	5	know
21	9	6	.
21	9	7	Any
21	9	8	other
21	9	9	interesting
21	9	10	activities
21	9	11	you
21	9	12	enjoyed
21	9	13	today
21	9	14	?
			
			
22	1	1	How
22	1	2	was
22	1	3	your
22	1	4	day
22	1	5	,
22	1	6	Mrs.
22	1	7	Jenkins
22	1	8	?
			
22	2	1	Oh
22	2	2	,
22	2	3	not
22	2	4	bad
22	2	5	,
22	2	6	dear
22	2	7	.
22	2	8	I
22	2	9	had
22	2	10	a
22	2	11	pleasant
22	2	12	morning
22	2	13	at
22	2	14	the
22	2	15	park
22	2	16	.
			
22	3	1	That
22	3	2	sounds
22	3	3	nice
22	3	4	.
22	3	5	Did
22	3	6	you
22	3	7	walk
22	3	8	or
22	3	9	use
22	3	10	a
22	3	11	mobility
22	3	12	device
22	3	13	?
			
22	4	1	I
22	4	2	went
22	4	3	for
22	4	4	a
22	4	5	stroll
22	4	6	with
22	4	7	my
22	4	8	walker
22	4	9	.
22	4	10	It
22	4	11	gives
22	4	12	me
22	4	13	stability
22	4	14	.
			
22	5	1	That
22	5	2	's
22	5	3	great
22	5	4	to
22	5	5	hear
22	5	6	.
22	5	7	Have
22	5	8	you
22	5	9	planned
22	5	10	anything
22	5	11	for
22	5	12	the
22	5	13	afternoon
22	5	14	?
			
22	6	1	Yes
22	6	2	,
22	6	3	I
22	6	4	have
22	6	5	a
22	6	6	doctor
22	6	7	's
22	6	8	appointment
22	6	9	later
22	6	10	.
			
22	7	1	How
22	7	2	will
22	7	3	you
22	7	4	get
22	7	5	there
22	7	6	,
22	7	7	Mrs.
22	7	8	Jenkins
22	7	9	?
			
22	8	1	My
22	8	2	neighbor
22	8	3	is
22	8	4	kindly
22	8	5	driving
22	8	6	me
22	8	7	.
			
22	9	1	That
22	9	2	's
22	9	3	wonderful
22	9	4	!
22	9	5	It
22	9	6	's
22	9	7	good
22	9	8	to
22	9	9	have
22	9	10	helpful
22	9	11	neighbors
22	9	12	.
			
			
23	1	1	How
23	1	2	was
23	1	3	your
23	1	4	day
23	1	5	today
23	1	6	,
23	1	7	any
23	1	8	interesting
23	1	9	activities
23	1	10	?
			
23	2	1	I
23	2	2	went
23	2	3	for
23	2	4	a
23	2	5	walk
23	2	6	in
23	2	7	the
23	2	8	park
23	2	9	this
23	2	10	morning
23	2	11	with
23	2	12	my
23	2	13	walker
23	2	14	.
			
23	3	1	That
23	3	2	sounds
23	3	3	nice
23	3	4	.
23	3	5	How
23	3	6	often
23	3	7	do
23	3	8	you
23	3	9	go
23	3	10	for
23	3	11	walks
23	3	12	nowadays
23	3	13	?
			
23	4	1	Just
23	4	2	once
23	4	3	a
23	4	4	week
23	4	5	nowadays
23	4	6	.
			
23	5	1	Do
23	5	2	you
23	5	3	have
23	5	4	any
23	5	5	planned
23	5	6	outings
23	5	7	coming
23	5	8	up
23	5	9	?
			
23	6	1	Yes
23	6	2	,
23	6	3	my
23	6	4	family
23	6	5	is
23	6	6	taking
23	6	7	me
23	6	8	for
23	6	9	a
23	6	10	day
23	6	11	trip
23	6	12	to
23	6	13	the
23	6	14	beach
23	6	15	next
23	6	16	weekend
23	6	17	.
			
23	7	1	That
23	7	2	sounds
23	7	3	wonderful
23	7	4	!
23	7	5	How
23	7	6	are
23	7	7	you
23	7	8	feeling
23	7	9	about
23	7	10	it
23	7	11	?
			
23	8	1	Excited
23	8	2	but
23	8	3	a
23	8	4	bit
23	8	5	nervous
23	8	6	about
23	8	7	the
23	8	8	journey
23	8	9	.
			
23	9	1	I
23	9	2	'm
23	9	3	sure
23	9	4	it
23	9	5	will
23	9	6	be
23	9	7	a
23	9	8	great
23	9	9	time
23	9	10	.
23	9	11	You
23	9	12	'll
23	9	13	enjoy
23	9	14	the
23	9	15	change
23	9	16	of
23	9	17	scenery
23	9	18	.
			
			
24	1	1	How
24	1	2	was
24	1	3	your
24	1	4	day
24	1	5	today
24	1	6	?
24	1	7	Any
24	1	8	interesting
24	1	9	activities
24	1	10	?
			
24	2	1	Oh
24	2	2	,
24	2	3	I
24	2	4	went
24	2	5	for
24	2	6	a
24	2	7	walk
24	2	8	in
24	2	9	the
24	2	10	park
24	2	11	this
24	2	12	morning
24	2	13	.
			
24	3	1	That
24	3	2	sounds
24	3	3	lovely
24	3	4	.
24	3	5	How
24	3	6	often
24	3	7	do
24	3	8	you
24	3	9	go
24	3	10	for
24	3	11	walks
24	3	12	?
			
24	4	1	I
24	4	2	go
24	4	3	for
24	4	4	a
24	4	5	walk
24	4	6	every
24	4	7	morning
24	4	8	,
24	4	9	helps
24	4	10	me
24	4	11	stay
24	4	12	active
24	4	13	.
			
24	5	1	Do
24	5	2	you
24	5	3	use
24	5	4	any
24	5	5	mobility
24	5	6	aids
24	5	7	during
24	5	8	your
24	5	9	walks
24	5	10	?
			
24	6	1	Yes
24	6	2	,
24	6	3	I
24	6	4	use
24	6	5	a
24	6	6	cane
24	6	7	for
24	6	8	support
24	6	9	while
24	6	10	walking
24	6	11	.
			
24	7	1	I
24	7	2	see
24	7	3	.
24	7	4	How
24	7	5	far
24	7	6	do
24	7	7	you
24	7	8	usually
24	7	9	walk
24	7	10	?
			
24	8	1	I
24	8	2	walk
24	8	3	about
24	8	4	half
24	8	5	a
24	8	6	mile
24	8	7	around
24	8	8	the
24	8	9	park
24	8	10	.
24	8	11	It
24	8	12	feels
24	8	13	refreshing
24	8	14	.
			
			
25	1	1	How
25	1	2	did
25	1	3	your
25	1	4	day
25	1	5	go
25	1	6	today
25	1	7	?
			
25	2	1	I
25	2	2	woke
25	2	3	up
25	2	4	early
25	2	5	to
25	2	6	catch
25	2	7	the
25	2	8	bus
25	2	9	to
25	2	10	the
25	2	11	market
25	2	12	.
			
25	3	1	What
25	3	2	time
25	3	3	does
25	3	4	the
25	3	5	bus
25	3	6	usually
25	3	7	come
25	3	8	?
			
25	4	1	It
25	4	2	arrives
25	4	3	at
25	4	4	my
25	4	5	stop
25	4	6	around
25	4	7	7:30
25	4	8	in
25	4	9	the
25	4	10	morning
25	4	11	.
			
25	5	1	Did
25	5	2	you
25	5	3	have
25	5	4	a
25	5	5	busy
25	5	6	day
25	5	7	at
25	5	8	the
25	5	9	market
25	5	10	?
			
25	6	1	Yes
25	6	2	,
25	6	3	bought
25	6	4	some
25	6	5	groceries
25	6	6	and
25	6	7	took
25	6	8	a
25	6	9	taxi
25	6	10	back
25	6	11	home
25	6	12	.
			
25	7	1	Taking
25	7	2	a
25	7	3	taxi
25	7	4	must
25	7	5	have
25	7	6	made
25	7	7	things
25	7	8	easier
25	7	9	for
25	7	10	you
25	7	11	.
			
25	8	1	It
25	8	2	definitely
25	8	3	did
25	8	4	,
25	8	5	especially
25	8	6	with
25	8	7	all
25	8	8	the
25	8	9	bags
25	8	10	I
25	8	11	had
25	8	12	.
			
25	9	1	Sounds
25	9	2	like
25	9	3	you
25	9	4	had
25	9	5	a
25	9	6	productive
25	9	7	day
25	9	8	overall
25	9	9	.
			
			
26	1	1	How
26	1	2	was
26	1	3	your
26	1	4	day
26	1	5	,
26	1	6	Mary
26	1	7	?
			
26	2	1	Oh
26	2	2	,
26	2	3	it
26	2	4	was
26	2	5	quite
26	2	6	eventful
26	2	7	today
26	2	8	.
			
26	3	1	Really
26	3	2	?
26	3	3	What
26	3	4	did
26	3	5	you
26	3	6	do
26	3	7	?
			
26	4	1	I
26	4	2	went
26	4	3	for
26	4	4	a
26	4	5	stroll
26	4	6	at
26	4	7	the
26	4	8	park
26	4	9	in
26	4	10	the
26	4	11	morning
26	4	12	.
			
26	5	1	That
26	5	2	sounds
26	5	3	nice
26	5	4	.
26	5	5	How
26	5	6	did
26	5	7	you
26	5	8	get
26	5	9	there
26	5	10	?
			
26	6	1	My
26	6	2	neighbor
26	6	3	drove
26	6	4	me
26	6	5	there
26	6	6	in
26	6	7	her
26	6	8	car
26	6	9	.
			
26	7	1	That
26	7	2	's
26	7	3	wonderful
26	7	4	.
26	7	5	Anything
26	7	6	else
26	7	7	you
26	7	8	did
26	7	9	in
26	7	10	the
26	7	11	afternoon
26	7	12	?
			
26	8	1	I
26	8	2	took
26	8	3	a
26	8	4	taxi
26	8	5	to
26	8	6	visit
26	8	7	my
26	8	8	friend
26	8	9	at
26	8	10	the
26	8	11	clinic
26	8	12	.
			
			
27	1	1	How
27	1	2	was
27	1	3	your
27	1	4	day
27	1	5	today
27	1	6	?
27	1	7	Did
27	1	8	you
27	1	9	have
27	1	10	any
27	1	11	interesting
27	1	12	moments
27	1	13	regarding
27	1	14	mobility
27	1	15	?
			
27	2	1	Yes
27	2	2	,
27	2	3	I
27	2	4	went
27	2	5	for
27	2	6	a
27	2	7	walk
27	2	8	in
27	2	9	the
27	2	10	park
27	2	11	this
27	2	12	morning
27	2	13	.
27	2	14	It
27	2	15	was
27	2	16	refreshing
27	2	17	to
27	2	18	move
27	2	19	around
27	2	20	.
			
27	3	1	That
27	3	2	sounds
27	3	3	wonderful
27	3	4	.
27	3	5	How
27	3	6	do
27	3	7	you
27	3	8	usually
27	3	9	find
27	3	10	walking
27	3	11	?
			
27	4	1	Well
27	4	2	,
27	4	3	with
27	4	4	my
27	4	5	walking
27	4	6	cane
27	4	7	,
27	4	8	I
27	4	9	manage
27	4	10	to
27	4	11	get
27	4	12	around
27	4	13	quite
27	4	14	comfortably
27	4	15	.
			
27	5	1	That
27	5	2	's
27	5	3	great
27	5	4	to
27	5	5	hear
27	5	6	.
27	5	7	Do
27	5	8	you
27	5	9	walk
27	5	10	in
27	5	11	the
27	5	12	park
27	5	13	often
27	5	14	?
			
27	6	1	Yes
27	6	2	,
27	6	3	I
27	6	4	try
27	6	5	to
27	6	6	go
27	6	7	for
27	6	8	a
27	6	9	walk
27	6	10	every
27	6	11	day
27	6	12	.
27	6	13	Helps
27	6	14	me
27	6	15	stay
27	6	16	active
27	6	17	.
			
27	7	1	That
27	7	2	's
27	7	3	excellent
27	7	4	!
27	7	5	Have
27	7	6	you
27	7	7	ever
27	7	8	thought
27	7	9	about
27	7	10	trying
27	7	11	a
27	7	12	different
27	7	13	form
27	7	14	of
27	7	15	mobility
27	7	16	,
27	7	17	like
27	7	18	cycling
27	7	19	?
			
27	8	1	Oh
27	8	2	,
27	8	3	cycling
27	8	4	sounds
27	8	5	fun
27	8	6	,
27	8	7	but
27	8	8	I
27	8	9	think
27	8	10	I
27	8	11	'll
27	8	12	stick
27	8	13	to
27	8	14	walking
27	8	15	for
27	8	16	now
			
			
28	1	1	How
28	1	2	was
28	1	3	your
28	1	4	day
28	1	5	today
28	1	6	,
28	1	7	any
28	1	8	interesting
28	1	9	activities
28	1	10	?
			
28	2	1	Oh
28	2	2	,
28	2	3	I
28	2	4	took
28	2	5	a
28	2	6	taxi
28	2	7	to
28	2	8	the
28	2	9	grocery
28	2	10	store
28	2	11	.
			
28	3	1	That
28	3	2	's
28	3	3	convenient
28	3	4	.
28	3	5	Did
28	3	6	you
28	3	7	get
28	3	8	everything
28	3	9	you
28	3	10	needed
28	3	11	there
28	3	12	?
			
28	4	1	Yes
28	4	2	,
28	4	3	and
28	4	4	the
28	4	5	taxi
28	4	6	driver
28	4	7	was
28	4	8	very
28	4	9	helpful
28	4	10	.
			
28	5	1	That
28	5	2	's
28	5	3	great
28	5	4	to
28	5	5	hear
28	5	6	.
28	5	7	How
28	5	8	was
28	5	9	the
28	5	10	traffic
28	5	11	on
28	5	12	the
28	5	13	way
28	5	14	?
			
28	6	1	It
28	6	2	was
28	6	3	a
28	6	4	bit
28	6	5	congested
28	6	6	,
28	6	7	but
28	6	8	we
28	6	9	managed
28	6	10	to
28	6	11	get
28	6	12	there
28	6	13	on
28	6	14	time
28	6	15	.
			
28	7	1	I
28	7	2	'm
28	7	3	glad
28	7	4	you
28	7	5	did
28	7	6	n't
28	7	7	have
28	7	8	to
28	7	9	wait
28	7	10	too
28	7	11	long
28	7	12	.
28	7	13	Do
28	7	14	you
28	7	15	usually
28	7	16	take
28	7	17	taxis
28	7	18	for
28	7	19	errands
28	7	20	?
			
28	8	1	Yes
28	8	2	,
28	8	3	it
28	8	4	's
28	8	5	easier
28	8	6	for
28	8	7	me
28	8	8	than
28	8	9	driving
28	8	10	these
28	8	11	days
28	8	12	.
			
			
29	1	1	How
29	1	2	was
29	1	3	your
29	1	4	day
29	1	5	,
29	1	6	Ms.
29	1	7	Johnson
29	1	8	?
			
29	2	1	It
29	2	2	was
29	2	3	good
29	2	4	,
29	2	5	dear
29	2	6	.
29	2	7	I
29	2	8	had
29	2	9	a
29	2	10	lovely
29	2	11	walk
29	2	12	in
29	2	13	the
29	2	14	park
29	2	15	this
29	2	16	morning
29	2	17	.
			
29	3	1	That
29	3	2	sounds
29	3	3	nice
29	3	4	!
29	3	5	Do
29	3	6	you
29	3	7	usually
29	3	8	walk
29	3	9	every
29	3	10	morning
29	3	11	?
			
29	4	1	Yes
29	4	2	,
29	4	3	I
29	4	4	try
29	4	5	to
29	4	6	go
29	4	7	for
29	4	8	a
29	4	9	walk
29	4	10	as
29	4	11	part
29	4	12	of
29	4	13	my
29	4	14	daily
29	4	15	routine
29	4	16	.
			
29	5	1	That
29	5	2	's
29	5	3	good
29	5	4	for
29	5	5	staying
29	5	6	active
29	5	7	.
29	5	8	How
29	5	9	far
29	5	10	do
29	5	11	you
29	5	12	usually
29	5	13	walk
29	5	14	?
			
29	6	1	I
29	6	2	typically
29	6	3	walk
29	6	4	for
29	6	5	about
29	6	6	30
29	6	7	minutes
29	6	8	around
29	6	9	the
29	6	10	park
29	6	11	.
			
29	7	1	That
29	7	2	's
29	7	3	refreshing
29	7	4	.
29	7	5	Do
29	7	6	you
29	7	7	use
29	7	8	any
29	7	9	mobility
29	7	10	aids
29	7	11	during
29	7	12	your
29	7	13	walk
29	7	14	?
			
29	8	1	No
29	8	2	,
29	8	3	fortunately
29	8	4	,
29	8	5	I
29	8	6	can
29	8	7	manage
29	8	8	without
29	8	9	any
29	8	10	aids
29	8	11	for
29	8	12	now
29	8	13	.
			
			
30	1	1	How
30	1	2	was
30	1	3	your
30	1	4	day
30	1	5	yesterday
30	1	6	?
			
30	2	1	Oh
30	2	2	,
30	2	3	it
30	2	4	was
30	2	5	quite
30	2	6	active
30	2	7	.
			
30	3	1	Did
30	3	2	you
30	3	3	go
30	3	4	out
30	3	5	somewhere
30	3	6	?
			
30	4	1	Yes
30	4	2	,
30	4	3	I
30	4	4	took
30	4	5	the
30	4	6	bus
30	4	7	to
30	4	8	visit
30	4	9	the
30	4	10	library
30	4	11	.
			
30	5	1	That
30	5	2	sounds
30	5	3	nice
30	5	4	.
30	5	5	Was
30	5	6	the
30	5	7	bus
30	5	8	crowded
30	5	9	?
			
30	6	1	It
30	6	2	was
30	6	3	quite
30	6	4	full
30	6	5	,
30	6	6	but
30	6	7	I
30	6	8	managed
30	6	9	to
30	6	10	find
30	6	11	a
30	6	12	seat
30	6	13	.
			
30	7	1	How
30	7	2	long
30	7	3	did
30	7	4	it
30	7	5	take
30	7	6	to
30	7	7	get
30	7	8	to
30	7	9	the
30	7	10	library
30	7	11	?
			
30	8	1	About
30	8	2	20
30	8	3	minutes
30	8	4	,
30	8	5	but
30	8	6	the
30	8	7	ride
30	8	8	was
30	8	9	pleasant
30	8	10	.
			
			
31	1	1	How
31	1	2	has
31	1	3	your
31	1	4	week
31	1	5	been
31	1	6	,
31	1	7	doing
31	1	8	any
31	1	9	interesting
31	1	10	activities
31	1	11	lately
31	1	12	?
			
31	2	1	I
31	2	2	took
31	2	3	a
31	2	4	gentle
31	2	5	stroll
31	2	6	in
31	2	7	the
31	2	8	park
31	2	9	yesterday
31	2	10	,
31	2	11	the
31	2	12	fresh
31	2	13	air
31	2	14	felt
31	2	15	rejuvenating
31	2	16	.
			
31	3	1	That
31	3	2	sounds
31	3	3	lovely
31	3	4	!
31	3	5	How
31	3	6	often
31	3	7	do
31	3	8	you
31	3	9	go
31	3	10	for
31	3	11	walks
31	3	12	in
31	3	13	the
31	3	14	park
31	3	15	?
			
31	4	1	I
31	4	2	try
31	4	3	to
31	4	4	go
31	4	5	every
31	4	6	other
31	4	7	day
31	4	8	,
31	4	9	it
31	4	10	helps
31	4	11	me
31	4	12	relax
31	4	13	and
31	4	14	stay
31	4	15	active
31	4	16	.
			
31	5	1	Do
31	5	2	you
31	5	3	drive
31	5	4	yourself
31	5	5	there
31	5	6	?
			
31	6	1	No
31	6	2	,
31	6	3	I
31	6	4	usually
31	6	5	take
31	6	6	the
31	6	7	bus
31	6	8	to
31	6	9	the
31	6	10	park
31	6	11	,
31	6	12	the
31	6	13	stop
31	6	14	is
31	6	15	conveniently
31	6	16	close
31	6	17	to
31	6	18	my
31	6	19	home
31	6	20	.
			
31	7	1	That
31	7	2	's
31	7	3	smart
31	7	4	.
31	7	5	What
31	7	6	do
31	7	7	you
31	7	8	enjoy
31	7	9	doing
31	7	10	the
31	7	11	most
31	7	12	in
31	7	13	the
31	7	14	park
31	7	15	during
31	7	16	your
31	7	17	walks
31	7	18	?
			
31	8	1	I
31	8	2	love
31	8	3	feeding
31	8	4	the
31	8	5	ducks
31	8	6	by
31	8	7	the
31	8	8	pond
31	8	9	,
31	8	10	it
31	8	11	's
31	8	12	a
31	8	13	peaceful
31	8	14	moment
31	8	15	for
31	8	16	me
31	8	17	.
			
31	9	1	That
31	9	2	sounds
31	9	3	like
			
			
32	1	1	How
32	1	2	was
32	1	3	your
32	1	4	day
32	1	5	,
32	1	6	Betty
32	1	7	?
			
32	2	1	Quite
32	2	2	eventful
32	2	3	.
32	2	4	I
32	2	5	went
32	2	6	for
32	2	7	a
32	2	8	scenic
32	2	9	walk
32	2	10	at
32	2	11	the
32	2	12	park
32	2	13	this
32	2	14	morning
32	2	15	.
			
32	3	1	Oh
32	3	2	,
32	3	3	that
32	3	4	sounds
32	3	5	lovely
32	3	6	.
32	3	7	How
32	3	8	do
32	3	9	you
32	3	10	usually
32	3	11	get
32	3	12	there
32	3	13	?
			
32	4	1	I
32	4	2	take
32	4	3	the
32	4	4	local
32	4	5	bus
32	4	6	to
32	4	7	the
32	4	8	park
32	4	9	entrance
32	4	10	.
			
32	5	1	That
32	5	2	's
32	5	3	convenient
32	5	4	.
32	5	5	Did
32	5	6	you
32	5	7	have
32	5	8	any
32	5	9	other
32	5	10	plans
32	5	11	for
32	5	12	today
32	5	13	?
			
32	6	1	I
32	6	2	was
32	6	3	thinking
32	6	4	of
32	6	5	visiting
32	6	6	my
32	6	7	friend
32	6	8	across
32	6	9	town
32	6	10	later
32	6	11	.
			
32	7	1	How
32	7	2	do
32	7	3	you
32	7	4	usually
32	7	5	travel
32	7	6	there
32	7	7	?
			
32	8	1	I
32	8	2	prefer
32	8	3	taking
32	8	4	a
32	8	5	taxi
32	8	6	for
32	8	7	longer
32	8	8	distances
32	8	9	like
32	8	10	that
32	8	11	.
			
32	9	1	Makes
32	9	2	sense
32	9	3	.
32	9	4	Enjoy
32	9	5	your
32	9	6	visit
32	9	7	with
32	9	8	your
32	9	9	friend
32	9	10	,
32	9	11	Betty
32	9	12	.
			
32	10	1	Thank
32	10	2	you
32	10	3	,
32	10	4	I
32	10	5	will
32	10	6	.
32	10	7	Thank
32	10	8	you
32	10	9	,
32	10	10	Sarah
32	10	11	.
			
			
33	1	1	How
33	1	2	was
33	1	3	your
33	1	4	day
33	1	5	today
33	1	6	?
			
33	2	1	Well
33	2	2	,
33	2	3	today
33	2	4	I
33	2	5	took
33	2	6	the
33	2	7	bus
33	2	8	to
33	2	9	the
33	2	10	grocery
33	2	11	store
33	2	12	.
			
33	3	1	What
33	3	2	time
33	3	3	did
33	3	4	you
33	3	5	catch
33	3	6	the
33	3	7	bus
33	3	8	?
			
33	4	1	I
33	4	2	caught
33	4	3	the
33	4	4	early
33	4	5	morning
33	4	6	bus
33	4	7	around
33	4	8	9
33	4	9	am
33	4	10	.
			
33	5	1	Did
33	5	2	you
33	5	3	find
33	5	4	it
33	5	5	crowded
33	5	6	on
33	5	7	the
33	5	8	bus
33	5	9	?
			
33	6	1	Not
33	6	2	too
33	6	3	crowded
33	6	4	,
33	6	5	I
33	6	6	got
33	6	7	a
33	6	8	seat
33	6	9	by
33	6	10	the
33	6	11	window
33	6	12	.
			
33	7	1	Did
33	7	2	you
33	7	3	have
33	7	4	any
33	7	5	trouble
33	7	6	getting
33	7	7	off
33	7	8	at
33	7	9	your
33	7	10	stop
33	7	11	?
			
33	8	1	No
33	8	2	,
33	8	3	the
33	8	4	bus
33	8	5	driver
33	8	6	helped
33	8	7	me
33	8	8	lower
33	8	9	the
33	8	10	ramp
33	8	11	for
33	8	12	my
33	8	13	walker
33	8	14	.
			
33	9	1	That
33	9	2	's
33	9	3	great
33	9	4	to
33	9	5	hear
33	9	6	.
33	9	7	How
33	9	8	was
33	9	9	your
33	9	10	return
33	9	11	trip
33	9	12	home
33	9	13	?
			
33	10	1	I
33	10	2	took
33	10	3	the
33	10	4	same
33	10	5	bus
33	10	6	back
33	10	7	home
33	10	8	,
33	10	9	it
33	10	10	was
33	10	11	a
33	10	12	smooth
33	10	13	ride
33	10	14	.
			
			
34	1	1	How
34	1	2	was
34	1	3	your
34	1	4	day
34	1	5	,
34	1	6	do
34	1	7	you
34	1	8	want
34	1	9	to
34	1	10	share
34	1	11	something
34	1	12	about
34	1	13	your
34	1	14	activities
34	1	15	?
			
34	2	1	Ah
34	2	2	,
34	2	3	I
34	2	4	went
34	2	5	for
34	2	6	a
34	2	7	walk
34	2	8	in
34	2	9	the
34	2	10	park
34	2	11	this
34	2	12	morning
34	2	13	.
			
34	3	1	That
34	3	2	sounds
34	3	3	lovely
34	3	4	!
34	3	5	Was
34	3	6	it
34	3	7	easy
34	3	8	for
34	3	9	you
34	3	10	to
34	3	11	walk
34	3	12	there
34	3	13	?
			
34	4	1	Yes
34	4	2	,
34	4	3	the
34	4	4	park
34	4	5	is
34	4	6	n't
34	4	7	too
34	4	8	far
34	4	9	from
34	4	10	my
34	4	11	house
34	4	12	,
34	4	13	so
34	4	14	I
34	4	15	manage
34	4	16	to
34	4	17	walk
34	4	18	there
34	4	19	easily
34	4	20	.
			
34	5	1	Great
34	5	2	to
34	5	3	hear
34	5	4	that
34	5	5	you
34	5	6	are
34	5	7	still
34	5	8	able
34	5	9	to
34	5	10	enjoy
34	5	11	nature
34	5	12	.
			
34	6	1	Yes
34	6	2	,
34	6	3	it
34	6	4	's
34	6	5	important
34	6	6	to
34	6	7	me
34	6	8	to
34	6	9	get
34	6	10	out
34	6	11	and
34	6	12	keep
34	6	13	moving
34	6	14	.
			
34	7	1	How
34	7	2	about
34	7	3	your
34	7	4	pantry
34	7	5	shopping
34	7	6	,
34	7	7	have
34	7	8	you
34	7	9	planned
34	7	10	on
34	7	11	going
34	7	12	soon
34	7	13	?
			
34	8	1	I
34	8	2	am
34	8	3	thinking
34	8	4	of
34	8	5	going
34	8	6	tomorrow
34	8	7	.
34	8	8	My
34	8	9	neighbor
34	8	10	usually
34	8	11	gives
34	8	12	me
34	8	13	a
34	8	14	ride
34	8	15	,
34	8	16	it
34	8	17	's
34	8	18	very
34	8	19	kind
34	8	20	of
34	8	21	her
34	8	22	.
			
34	9	1	That
34	9	2	's
			
			
35	1	1	How
35	1	2	was
35	1	3	your
35	1	4	day
35	1	5	,
35	1	6	Mrs.
35	1	7	Thompson
35	1	8	?
			
35	2	1	Oh
35	2	2	,
35	2	3	quite
35	2	4	eventful
35	2	5	.
35	2	6	I
35	2	7	took
35	2	8	the
35	2	9	bus
35	2	10	to
35	2	11	the
35	2	12	store
35	2	13	this
35	2	14	morning
35	2	15	.
			
35	3	1	What
35	3	2	time
35	3	3	did
35	3	4	you
35	3	5	catch
35	3	6	the
35	3	7	bus
35	3	8	?
			
35	4	1	Around
35	4	2	10
35	4	3	a.m.
35	4	4	It
35	4	5	's
35	4	6	quite
35	4	7	convenient
35	4	8	for
35	4	9	me
35	4	10	.
			
35	5	1	Glad
35	5	2	to
35	5	3	hear
35	5	4	that
35	5	5	.
35	5	6	How
35	5	7	was
35	5	8	the
35	5	9	bus
35	5	10	ride
35	5	11	?
			
35	6	1	It
35	6	2	went
35	6	3	smoothly
35	6	4	.
35	6	5	I
35	6	6	enjoy
35	6	7	looking
35	6	8	out
35	6	9	the
35	6	10	window
35	6	11	.
			
35	7	1	Did
35	7	2	you
35	7	3	purchase
35	7	4	what
35	7	5	you
35	7	6	needed
35	7	7	at
35	7	8	the
35	7	9	store
35	7	10	?
			
35	8	1	Yes
35	8	2	,
35	8	3	I
35	8	4	got
35	8	5	everything
35	8	6	on
35	8	7	my
35	8	8	list
35	8	9	.
35	8	10	The
35	8	11	bus
35	8	12	ride
35	8	13	makes
35	8	14	it
35	8	15	easier
35	8	16	for
35	8	17	me
35	8	18	.
			
			
36	1	1	How
36	1	2	was
36	1	3	your
36	1	4	day
36	1	5	,
36	1	6	Mr.
36	1	7	Thompson
36	1	8	?
			
36	2	1	Oh
36	2	2	,
36	2	3	not
36	2	4	bad
36	2	5	.
36	2	6	Went
36	2	7	for
36	2	8	a
36	2	9	morning
36	2	10	walk
36	2	11	in
36	2	12	the
36	2	13	park
36	2	14	.
			
36	3	1	That
36	3	2	sounds
36	3	3	refreshing
36	3	4	.
36	3	5	Did
36	3	6	you
36	3	7	go
36	3	8	by
36	3	9	yourself
36	3	10	?
			
36	4	1	Yes
36	4	2	,
36	4	3	I
36	4	4	enjoy
36	4	5	the
36	4	6	quiet
36	4	7	time
36	4	8	alone
36	4	9	.
			
36	5	1	Do
36	5	2	you
36	5	3	plan
36	5	4	on
36	5	5	taking
36	5	6	the
36	5	7	bus
36	5	8	to
36	5	9	the
36	5	10	supermarket
36	5	11	later
36	5	12	?
			
36	6	1	No
36	6	2	,
36	6	3	my
36	6	4	son
36	6	5	will
36	6	6	give
36	6	7	me
36	6	8	a
36	6	9	ride
36	6	10	.
			
36	7	1	That
36	7	2	's
36	7	3	convenient
36	7	4	.
36	7	5	Any
36	7	6	other
36	7	7	mobility
36	7	8	activities
36	7	9	planned
36	7	10	for
36	7	11	the
36	7	12	day
36	7	13	?
			
36	8	1	Just
36	8	2	a
36	8	3	brief
36	8	4	drive
36	8	5	to
36	8	6	visit
36	8	7	a
36	8	8	friend
36	8	9	in
36	8	10	the
36	8	11	evening
36	8	12	.
			
			
37	1	1	How
37	1	2	was
37	1	3	your
37	1	4	day
37	1	5	today
37	1	6	?
			
37	2	1	Quite
37	2	2	eventful
37	2	3	,
37	2	4	I
37	2	5	went
37	2	6	for
37	2	7	a
37	2	8	walk
37	2	9	in
37	2	10	the
37	2	11	park
37	2	12	.
			
37	3	1	That
37	3	2	sounds
37	3	3	nice
37	3	4	!
37	3	5	Do
37	3	6	you
37	3	7	often
37	3	8	go
37	3	9	for
37	3	10	walks
37	3	11	there
37	3	12	?
			
37	4	1	Yes
37	4	2	,
37	4	3	daily
37	4	4	to
37	4	5	get
37	4	6	some
37	4	7	fresh
37	4	8	air
37	4	9	and
37	4	10	exercise
37	4	11	.
			
37	5	1	Do
37	5	2	you
37	5	3	find
37	5	4	it
37	5	5	helps
37	5	6	with
37	5	7	your
37	5	8	mobility
37	5	9	?
			
37	6	1	Absolutely
37	6	2	,
37	6	3	it
37	6	4	keeps
37	6	5	me
37	6	6	moving
37	6	7	and
37	6	8	feeling
37	6	9	good
37	6	10	.
			
37	7	1	Sounds
37	7	2	like
37	7	3	a
37	7	4	great
37	7	5	routine
37	7	6	to
37	7	7	keep
37	7	8	up
37	7	9	.
			
37	8	1	Oh
37	8	2	yes
37	8	3	,
37	8	4	it
37	8	5	's
37	8	6	become
37	8	7	a
37	8	8	cherished
37	8	9	part
37	8	10	of
37	8	11	my
37	8	12	daily
37	8	13	life
37	8	14	.
			
			
38	1	1	How
38	1	2	are
38	1	3	you
38	1	4	managing
38	1	5	your
38	1	6	grocery
38	1	7	shopping
38	1	8	nowadays
38	1	9	?
			
38	2	1	Well
38	2	2	,
38	2	3	it
38	2	4	has
38	2	5	become
38	2	6	quite
38	2	7	challenging
38	2	8	for
38	2	9	me
38	2	10	since
38	2	11	I
38	2	12	stopped
38	2	13	driving
38	2	14	.
			
38	3	1	Have
38	3	2	you
38	3	3	considered
38	3	4	using
38	3	5	a
38	3	6	grocery
38	3	7	delivery
38	3	8	service
38	3	9	instead
38	3	10	?
			
38	4	1	No
38	4	2	,
38	4	3	I
38	4	4	prefer
38	4	5	to
38	4	6	pick
38	4	7	out
38	4	8	my
38	4	9	own
38	4	10	groceries
38	4	11	.
			
38	5	1	How
38	5	2	about
38	5	3	trying
38	5	4	a
38	5	5	taxi
38	5	6	service
38	5	7	to
38	5	8	get
38	5	9	to
38	5	10	the
38	5	11	store
38	5	12	?
			
38	6	1	I
38	6	2	've
38	6	3	thought
38	6	4	about
38	6	5	it
38	6	6	,
38	6	7	but
38	6	8	I
38	6	9	'm
38	6	10	worried
38	6	11	about
38	6	12	the
38	6	13	cost
38	6	14	adding
38	6	15	up
38	6	16	.
			
38	7	1	What
38	7	2	about
38	7	3	using
38	7	4	public
38	7	5	transportation
38	7	6	like
38	7	7	the
38	7	8	bus
38	7	9	or
38	7	10	tram
38	7	11	?
			
38	8	1	That
38	8	2	could
38	8	3	be
38	8	4	an
38	8	5	option
38	8	6	if
38	8	7	it
38	8	8	's
38	8	9	convenient
38	8	10	for
38	8	11	me
38	8	12	.
			
			
39	1	1	How
39	1	2	was
39	1	3	your
39	1	4	day
39	1	5	yesterday
39	1	6	,
39	1	7	Mrs.
39	1	8	Johnson
39	1	9	?
			
39	2	1	Oh
39	2	2	,
39	2	3	it
39	2	4	was
39	2	5	quite
39	2	6	eventful
39	2	7	.
39	2	8	I
39	2	9	went
39	2	10	out
39	2	11	for
39	2	12	a
39	2	13	drive
39	2	14	.
			
39	3	1	That
39	3	2	sounds
39	3	3	lovely
39	3	4	!
39	3	5	Where
39	3	6	did
39	3	7	you
39	3	8	go
39	3	9	for
39	3	10	a
39	3	11	drive
39	3	12	?
			
39	4	1	I
39	4	2	drove
39	4	3	to
39	4	4	the
39	4	5	market
39	4	6	to
39	4	7	pick
39	4	8	up
39	4	9	some
39	4	10	groceries
39	4	11	.
			
39	5	1	Did
39	5	2	you
39	5	3	face
39	5	4	any
39	5	5	traffic
39	5	6	on
39	5	7	your
39	5	8	way
39	5	9	back
39	5	10	?
			
39	6	1	Yes
39	6	2	,
39	6	3	there
39	6	4	was
39	6	5	some
39	6	6	traffic
39	6	7	near
39	6	8	the
39	6	9	intersection
39	6	10	.
			
39	7	1	It
39	7	2	must
39	7	3	have
39	7	4	been
39	7	5	tiring
39	7	6	.
39	7	7	Do
39	7	8	you
39	7	9	find
39	7	10	driving
39	7	11	challenging
39	7	12	these
39	7	13	days
39	7	14	?
			
39	8	1	A
39	8	2	little
39	8	3	,
39	8	4	but
39	8	5	I
39	8	6	try
39	8	7	to
39	8	8	stay
39	8	9	cautious
39	8	10	and
39	8	11	keep
39	8	12	practicing
39	8	13	.
			
			
40	1	1	How
40	1	2	was
40	1	3	your
40	1	4	day
40	1	5	today
40	1	6	,
40	1	7	did
40	1	8	you
40	1	9	do
40	1	10	anything
40	1	11	exciting
40	1	12	?
			
40	2	1	I
40	2	2	went
40	2	3	for
40	2	4	a
40	2	5	walk
40	2	6	in
40	2	7	the
40	2	8	park
40	2	9	this
40	2	10	morning
40	2	11	.
			
40	3	1	That
40	3	2	sounds
40	3	3	nice
40	3	4	!
40	3	5	How
40	3	6	often
40	3	7	do
40	3	8	you
40	3	9	go
40	3	10	for
40	3	11	walks
40	3	12	?
			
40	4	1	I
40	4	2	try
40	4	3	to
40	4	4	walk
40	4	5	in
40	4	6	the
40	4	7	park
40	4	8	every
40	4	9	morning
40	4	10	to
40	4	11	stay
40	4	12	active
40	4	13	.
			
40	5	1	It
40	5	2	's
40	5	3	great
40	5	4	that
40	5	5	you
40	5	6	stay
40	5	7	active
40	5	8	.
40	5	9	Do
40	5	10	you
40	5	11	use
40	5	12	any
40	5	13	aids
40	5	14	for
40	5	15	walking
40	5	16	?
			
40	6	1	Yes
40	6	2	,
40	6	3	I
40	6	4	use
40	6	5	a
40	6	6	walking
40	6	7	cane
40	6	8	for
40	6	9	support
40	6	10	and
40	6	11	stability
40	6	12	.
			
40	7	1	That
40	7	2	's
40	7	3	smart
40	7	4	.
40	7	5	Have
40	7	6	you
40	7	7	been
40	7	8	taking
40	7	9	any
40	7	10	public
40	7	11	transport
40	7	12	lately
40	7	13	?
			
40	8	1	No
40	8	2	,
40	8	3	I
40	8	4	have
40	8	5	n't
40	8	6	been
40	8	7	on
40	8	8	public
40	8	9	transport
40	8	10	for
40	8	11	a
40	8	12	while
40	8	13	.
			
			
41	1	1	How
41	1	2	was
41	1	3	your
41	1	4	day
41	1	5	,
41	1	6	did
41	1	7	you
41	1	8	manage
41	1	9	to
41	1	10	get
41	1	11	out
41	1	12	and
41	1	13	about
41	1	14	?
			
41	2	1	Yes
41	2	2	,
41	2	3	I
41	2	4	took
41	2	5	a
41	2	6	taxi
41	2	7	to
41	2	8	see
41	2	9	my
41	2	10	grandkids
41	2	11	this
41	2	12	morning
41	2	13	.
			
41	3	1	That
41	3	2	's
41	3	3	lovely
41	3	4	!
41	3	5	How
41	3	6	often
41	3	7	do
41	3	8	you
41	3	9	usually
41	3	10	visit
41	3	11	them
41	3	12	?
			
41	4	1	I
41	4	2	try
41	4	3	to
41	4	4	go
41	4	5	twice
41	4	6	a
41	4	7	week
41	4	8	,
41	4	9	they
41	4	10	live
41	4	11	just
41	4	12	a
41	4	13	few
41	4	14	miles
41	4	15	away
41	4	16	.
			
41	5	1	That
41	5	2	's
41	5	3	nice
41	5	4	,
41	5	5	the
41	5	6	taxi
41	5	7	ride
41	5	8	must
41	5	9	make
41	5	10	it
41	5	11	easier
41	5	12	for
41	5	13	you
41	5	14	.
			
41	6	1	It
41	6	2	certainly
41	6	3	does
41	6	4	,
41	6	5	I
41	6	6	appreciate
41	6	7	the
41	6	8	convenience
41	6	9	.
			
41	7	1	How
41	7	2	was
41	7	3	the
41	7	4	weather
41	7	5	during
41	7	6	your
41	7	7	visit
41	7	8	today
41	7	9	?
			
41	8	1	It
41	8	2	was
41	8	3	sunny
41	8	4	,
41	8	5	a
41	8	6	perfect
41	8	7	day
41	8	8	to
41	8	9	be
41	8	10	with
41	8	11	my
41	8	12	grandkids
41	8	13	.
			
41	9	1	Sounds
41	9	2	like
41	9	3	a
41	9	4	wonderful
41	9	5	visit
41	9	6	,
41	9	7	I
41	9	8	'm
41	9	9	sure
41	9	10	they
41	9	11	enjoyed
41	9	12	seeing
41	9	13	you
41	9	14	.
			
			
42	1	1	How
42	1	2	was
42	1	3	your
42	1	4	day
42	1	5	today
42	1	6	?
			
42	2	1	Oh
42	2	2	,
42	2	3	it
42	2	4	was
42	2	5	quite
42	2	6	busy
42	2	7	.
42	2	8	I
42	2	9	had
42	2	10	to
42	2	11	take
42	2	12	the
42	2	13	bus
42	2	14	to
42	2	15	the
42	2	16	pharmacy
42	2	17	.
			
42	3	1	What
42	3	2	time
42	3	3	did
42	3	4	you
42	3	5	take
42	3	6	the
42	3	7	bus
42	3	8	?
			
42	4	1	Around
42	4	2	10
42	4	3	in
42	4	4	the
42	4	5	morning
42	4	6	.
			
42	5	1	Did
42	5	2	you
42	5	3	have
42	5	4	to
42	5	5	wait
42	5	6	long
42	5	7	for
42	5	8	the
42	5	9	bus
42	5	10	?
			
42	6	1	Not
42	6	2	too
42	6	3	long
42	6	4	,
42	6	5	just
42	6	6	a
42	6	7	few
42	6	8	minutes
42	6	9	.
42	6	10	It
42	6	11	was
42	6	12	quite
42	6	13	convenient
42	6	14	.
			
42	7	1	That
42	7	2	's
42	7	3	good
42	7	4	to
42	7	5	hear
42	7	6	.
42	7	7	How
42	7	8	was
42	7	9	your
42	7	10	journey
42	7	11	on
42	7	12	the
42	7	13	bus
42	7	14	?
			
42	8	1	It
42	8	2	was
42	8	3	smooth
42	8	4	.
42	8	5	I
42	8	6	got
42	8	7	a
42	8	8	seat
42	8	9	and
42	8	10	enjoyed
42	8	11	watching
42	8	12	the
42	8	13	scenery
42	8	14	outside
42	8	15	.
			
42	9	1	Sounds
42	9	2	like
42	9	3	a
42	9	4	nice
42	9	5	trip
42	9	6	.
42	9	7	Do
42	9	8	you
42	9	9	usually
42	9	10	take
42	9	11	the
42	9	12	bus
42	9	13	or
42	9	14	prefer
42	9	15	other
42	9	16	means
42	9	17	of
42	9	18	transportation
42	9	19	?
			
42	10	1	I
42	10	2	often
42	10	3	take
42	10	4	the
42	10	5	bus
42	10	6	for
42	10	7	short
42	10	8	trips
42	10	9	,
42	10	10	but
42	10	11	I
			
			
43	1	1	How
43	1	2	was
43	1	3	your
43	1	4	day
43	1	5	today
43	1	6	?
			
43	2	1	I
43	2	2	took
43	2	3	a
43	2	4	taxi
43	2	5	to
43	2	6	the
43	2	7	grocery
43	2	8	store
43	2	9	in
43	2	10	the
43	2	11	morning
43	2	12	.
			
43	3	1	What
43	3	2	time
43	3	3	did
43	3	4	you
43	3	5	go
43	3	6	?
			
43	4	1	I
43	4	2	went
43	4	3	around
43	4	4	10
43	4	5	am
43	4	6	.
			
43	5	1	Did
43	5	2	the
43	5	3	taxi
43	5	4	arrive
43	5	5	on
43	5	6	time
43	5	7	?
			
43	6	1	Yes
43	6	2	,
43	6	3	it
43	6	4	did
43	6	5	.
			
43	7	1	Did
43	7	2	you
43	7	3	have
43	7	4	trouble
43	7	5	carrying
43	7	6	your
43	7	7	groceries
43	7	8	back
43	7	9	?
			
43	8	1	Not
43	8	2	really
43	8	3	,
43	8	4	the
43	8	5	taxi
43	8	6	driver
43	8	7	helped
43	8	8	me
43	8	9	.
			
43	9	1	That
43	9	2	was
43	9	3	nice
43	9	4	of
43	9	5	them
43	9	6	.
			
			
44	1	1	How
44	1	2	was
44	1	3	your
44	1	4	day
44	1	5	,
44	1	6	anything
44	1	7	interesting
44	1	8	happened
44	1	9	?
			
44	2	1	I
44	2	2	took
44	2	3	a
44	2	4	taxi
44	2	5	to
44	2	6	go
44	2	7	to
44	2	8	the
44	2	9	market
44	2	10	this
44	2	11	morning
44	2	12	.
			
44	3	1	That
44	3	2	sounds
44	3	3	convenient
44	3	4	.
44	3	5	When
44	3	6	do
44	3	7	you
44	3	8	usually
44	3	9	take
44	3	10	a
44	3	11	taxi
44	3	12	?
			
44	4	1	I
44	4	2	prefer
44	4	3	taxis
44	4	4	when
44	4	5	I
44	4	6	have
44	4	7	lots
44	4	8	of
44	4	9	groceries
44	4	10	to
44	4	11	carry
44	4	12	.
			
44	5	1	Makes
44	5	2	sense
44	5	3	.
44	5	4	Do
44	5	5	you
44	5	6	also
44	5	7	take
44	5	8	public
44	5	9	transportation
44	5	10	sometimes
44	5	11	?
			
44	6	1	Yes
44	6	2	,
44	6	3	but
44	6	4	not
44	6	5	as
44	6	6	often
44	6	7	.
44	6	8	I
44	6	9	find
44	6	10	taxis
44	6	11	more
44	6	12	convenient
44	6	13	.
			
44	7	1	I
44	7	2	see
44	7	3	.
44	7	4	How
44	7	5	about
44	7	6	driving
44	7	7	?
44	7	8	Do
44	7	9	you
44	7	10	drive
44	7	11	yourself
44	7	12	?
			
44	8	1	I
44	8	2	used
44	8	3	to
44	8	4	drive
44	8	5	,
44	8	6	but
44	8	7	now
44	8	8	I
44	8	9	prefer
44	8	10	taking
44	8	11	a
44	8	12	taxi
44	8	13	for
44	8	14	longer
44	8	15	distances
44	8	16	.
			
44	9	1	It
44	9	2	's
44	9	3	good
44	9	4	to
44	9	5	prioritize
44	9	6	convenience
44	9	7	.
44	9	8	Do
44	9	9	you
44	9	10	still
44	9	11	walk
44	9	12	short
44	9	13	distances
44	9	14	?
			
			
45	1	1	How
45	1	2	was
45	1	3	your
45	1	4	day
45	1	5	today
45	1	6	in
45	1	7	terms
45	1	8	of
45	1	9	getting
45	1	10	around
45	1	11	?
			
45	2	1	I
45	2	2	went
45	2	3	for
45	2	4	a
45	2	5	walk
45	2	6	in
45	2	7	the
45	2	8	park
45	2	9	this
45	2	10	morning
45	2	11	using
45	2	12	my
45	2	13	walker
45	2	14	.
			
45	3	1	That
45	3	2	sounds
45	3	3	nice
45	3	4	.
45	3	5	How
45	3	6	often
45	3	7	do
45	3	8	you
45	3	9	go
45	3	10	for
45	3	11	walks
45	3	12	?
			
45	4	1	I
45	4	2	try
45	4	3	to
45	4	4	go
45	4	5	for
45	4	6	a
45	4	7	walk
45	4	8	in
45	4	9	the
45	4	10	park
45	4	11	every
45	4	12	morning
45	4	13	for
45	4	14	some
45	4	15	fresh
45	4	16	air
45	4	17	and
45	4	18	exercise
45	4	19	.
			
45	5	1	It
45	5	2	's
45	5	3	good
45	5	4	to
45	5	5	stay
45	5	6	active
45	5	7	like
45	5	8	that
45	5	9	.
45	5	10	Do
45	5	11	you
45	5	12	take
45	5	13	any
45	5	14	other
45	5	15	forms
45	5	16	of
45	5	17	transportation
45	5	18	during
45	5	19	the
45	5	20	day
45	5	21	?
			
45	6	1	Occasionally
45	6	2	,
45	6	3	I
45	6	4	take
45	6	5	a
45	6	6	taxi
45	6	7	when
45	6	8	I
45	6	9	need
45	6	10	to
45	6	11	go
45	6	12	somewhere
45	6	13	far
45	6	14	or
45	6	15	get
45	6	16	groceries
45	6	17	.
			
45	7	1	Taking
45	7	2	a
45	7	3	taxi
45	7	4	is
45	7	5	convenient
45	7	6	for
45	7	7	longer
45	7	8	distances
45	7	9	.
45	7	10	How
45	7	11	do
45	7	12	you
45	7	13	find
45	7	14	the
45	7	15	experience
45	7	16	of
45	7	17	using
45	7	18	a
45	7	19	taxi
45	7	20	?
			
45	8	1	It
45	8	2	's
45	8	3	helpful
45	8	4	,
45	8	5	but
45	8	6	I
45	8	7	prefer
45	8	8	walking
45	8	9	when
45	8	10	the
45	8	11	weather
45	8	12	permits
45	8	13	.
			
			
46	1	1	How
46	1	2	was
46	1	3	your
46	1	4	morning
46	1	5	today
46	1	6	?
			
46	2	1	I
46	2	2	went
46	2	3	for
46	2	4	a
46	2	5	walk
46	2	6	in
46	2	7	the
46	2	8	park
46	2	9	around
46	2	10	7
46	2	11	am
46	2	12	.
			
46	3	1	That
46	3	2	's
46	3	3	great
46	3	4	to
46	3	5	hear
46	3	6	.
46	3	7	Do
46	3	8	you
46	3	9	usually
46	3	10	walk
46	3	11	in
46	3	12	the
46	3	13	park
46	3	14	at
46	3	15	that
46	3	16	time
46	3	17	of
46	3	18	the
46	3	19	day
46	3	20	?
			
46	4	1	Yes
46	4	2	,
46	4	3	it
46	4	4	helps
46	4	5	me
46	4	6	to
46	4	7	start
46	4	8	my
46	4	9	day
46	4	10	feeling
46	4	11	refreshed
46	4	12	.
			
46	5	1	How
46	5	2	convenient
46	5	3	!
46	5	4	Do
46	5	5	you
46	5	6	walk
46	5	7	there
46	5	8	every
46	5	9	day
46	5	10	?
			
46	6	1	I
46	6	2	try
46	6	3	to
46	6	4	,
46	6	5	but
46	6	6	some
46	6	7	days
46	6	8	are
46	6	9	more
46	6	10	challenging
46	6	11	than
46	6	12	others
46	6	13	.
			
46	7	1	That
46	7	2	's
46	7	3	understandable
46	7	4	.
46	7	5	Have
46	7	6	you
46	7	7	been
46	7	8	enjoying
46	7	9	the
46	7	10	walks
46	7	11	overall
46	7	12	?
			
46	8	1	Yes
46	8	2	,
46	8	3	being
46	8	4	outside
46	8	5	and
46	8	6	moving
46	8	7	around
46	8	8	really
46	8	9	improves
46	8	10	my
46	8	11	mood
46	8	12	.
			
			
47	1	1	How
47	1	2	was
47	1	3	your
47	1	4	day
47	1	5	today
47	1	6	?
			
47	2	1	In
47	2	2	the
47	2	3	morning
47	2	4	,
47	2	5	I
47	2	6	needed
47	2	7	to
47	2	8	take
47	2	9	a
47	2	10	taxi
47	2	11	to
47	2	12	my
47	2	13	doctor
47	2	14	's
47	2	15	appointment
47	2	16	.
			
47	3	1	Was
47	3	2	it
47	3	3	a
47	3	4	smooth
47	3	5	ride
47	3	6	to
47	3	7	the
47	3	8	doctor
47	3	9	's
47	3	10	appointment
47	3	11	?
			
47	4	1	Yes
47	4	2	,
47	4	3	the
47	4	4	taxi
47	4	5	driver
47	4	6	was
47	4	7	very
47	4	8	friendly
47	4	9	and
47	4	10	careful
47	4	11	on
47	4	12	the
47	4	13	road
47	4	14	.
			
47	5	1	Did
47	5	2	you
47	5	3	have
47	5	4	any
47	5	5	other
47	5	6	plans
47	5	7	for
47	5	8	the
47	5	9	day
47	5	10	after
47	5	11	your
47	5	12	appointment
47	5	13	?
			
47	6	1	After
47	6	2	the
47	6	3	appointment
47	6	4	,
47	6	5	I
47	6	6	walked
47	6	7	to
47	6	8	the
47	6	9	nearby
47	6	10	park
47	6	11	to
47	6	12	enjoy
47	6	13	some
47	6	14	fresh
47	6	15	air
47	6	16	.
			
47	7	1	Did
47	7	2	walking
47	7	3	to
47	7	4	the
47	7	5	park
47	7	6	help
47	7	7	lift
47	7	8	your
47	7	9	spirits
47	7	10	?
			
47	8	1	Yes
47	8	2	,
47	8	3	spending
47	8	4	time
47	8	5	outdoors
47	8	6	always
47	8	7	makes
47	8	8	me
47	8	9	feel
47	8	10	better
47	8	11	.
			
47	9	1	Did
47	9	2	you
47	9	3	use
47	9	4	any
47	9	5	transportation
47	9	6	to
47	9	7	go
47	9	8	home
47	9	9	from
47	9	10	the
47	9	11	park
47	9	12	?
			
47	10	1	No
47	10	2	,
47	10	3	my
47	10	4	daughter
47	10	5	picked
47	10	6	me
47	10	7	up
47	10	8	in
47	10	9	her
47	10	10	car
47	10	11	and
47	10	12	drove
47	10	13	me
47	10	14	home
47	10	15	safely
47	10	16	.
			
			
48	1	1	How
48	1	2	was
48	1	3	your
48	1	4	day
48	1	5	yesterday
48	1	6	,
48	1	7	Mr.
48	1	8	Johnson
48	1	9	?
48	1	10	Do
48	1	11	you
48	1	12	usually
48	1	13	go
48	1	14	out
48	1	15	for
48	1	16	a
48	1	17	walk
48	1	18	?
			
48	2	1	Oh
48	2	2	yes
48	2	3	,
48	2	4	I
48	2	5	try
48	2	6	to
48	2	7	walk
48	2	8	in
48	2	9	the
48	2	10	park
48	2	11	every
48	2	12	afternoon
48	2	13	to
48	2	14	get
48	2	15	some
48	2	16	fresh
48	2	17	air
48	2	18	.
			
48	3	1	That
48	3	2	's
48	3	3	great
48	3	4	to
48	3	5	stay
48	3	6	active
48	3	7	.
48	3	8	How
48	3	9	do
48	3	10	you
48	3	11	usually
48	3	12	get
48	3	13	to
48	3	14	the
48	3	15	park
48	3	16	?
			
48	4	1	I
48	4	2	usually
48	4	3	take
48	4	4	the
48	4	5	bus
48	4	6	or
48	4	7	sometimes
48	4	8	I
48	4	9	drive
48	4	10	my
48	4	11	car
48	4	12	there
48	4	13	.
			
48	5	1	Sounds
48	5	2	like
48	5	3	a
48	5	4	nice
48	5	5	routine
48	5	6	.
48	5	7	Do
48	5	8	you
48	5	9	prefer
48	5	10	walking
48	5	11	inside
48	5	12	the
48	5	13	park
48	5	14	or
48	5	15	sitting
48	5	16	on
48	5	17	a
48	5	18	bench
48	5	19	?
			
48	6	1	I
48	6	2	like
48	6	3	to
48	6	4	walk
48	6	5	around
48	6	6	different
48	6	7	paths
48	6	8	,
48	6	9	helps
48	6	10	me
48	6	11	stretch
48	6	12	my
48	6	13	legs
48	6	14	.
			
48	7	1	Do
48	7	2	you
48	7	3	ever
48	7	4	meet
48	7	5	friends
48	7	6	or
48	7	7	other
48	7	8	people
48	7	9	in
48	7	10	the
48	7	11	park
48	7	12	while
48	7	13	walking
48	7	14	?
			
48	8	1	Sometimes
48	8	2	I
48	8	3	see
48	8	4	neighbors
48	8	5	or
48	8	6	friends
48	8	7	and
48	8	8	stop
48	8	9	for
48	8	10	a
48	8	11	chat
48	8	12	before
48	8	13	heading
48	8	14	home
48	8	15	.
			
			
49	1	1	How
49	1	2	was
49	1	3	your
49	1	4	day
49	1	5	today
49	1	6	,
49	1	7	feeling
49	1	8	okay
49	1	9	?
			
49	2	1	Yes
49	2	2	,
49	2	3	not
49	2	4	bad
49	2	5	.
49	2	6	Went
49	2	7	for
49	2	8	a
49	2	9	walk
49	2	10	in
49	2	11	the
49	2	12	park
49	2	13	this
49	2	14	morning
49	2	15	.
			
49	3	1	That
49	3	2	sounds
49	3	3	lovely
49	3	4	.
49	3	5	Do
49	3	6	you
49	3	7	go
49	3	8	for
49	3	9	a
49	3	10	walk
49	3	11	every
49	3	12	day
49	3	13	?
			
49	4	1	Oh
49	4	2	yes
49	4	3	,
49	4	4	it
49	4	5	helps
49	4	6	me
49	4	7	keep
49	4	8	moving
49	4	9	and
49	4	10	stay
49	4	11	active
49	4	12	.
			
49	5	1	That
49	5	2	's
49	5	3	great
49	5	4	to
49	5	5	hear
49	5	6	.
49	5	7	Do
49	5	8	you
49	5	9	use
49	5	10	any
49	5	11	mobility
49	5	12	aids
49	5	13	for
49	5	14	walking
49	5	15	?
			
49	6	1	Not
49	6	2	yet
49	6	3	,
49	6	4	fortunately
49	6	5	.
49	6	6	But
49	6	7	I
49	6	8	do
49	6	9	have
49	6	10	my
49	6	11	cane
49	6	12	just
49	6	13	in
49	6	14	case
49	6	15	.
			
49	7	1	That
49	7	2	's
49	7	3	good
49	7	4	to
49	7	5	have
49	7	6	for
49	7	7	support
49	7	8	.
49	7	9	Do
49	7	10	you
49	7	11	ever
49	7	12	go
49	7	13	for
49	7	14	longer
49	7	15	walks
49	7	16	?
			
49	8	1	Occasionally
49	8	2	,
49	8	3	on
49	8	4	weekends
49	8	5	when
49	8	6	the
49	8	7	weather
49	8	8	is
49	8	9	nice
49	8	10	.
			
49	9	1	It
49	9	2	's
49	9	3	nice
49	9	4	to
49	9	5	enjoy
49	9	6	the
49	9	7	fresh
49	9	8	air
49	9	9	and
49	9	10	stay
49	9	11	active
49	9	12	.
			
			
50	1	1	How
50	1	2	was
50	1	3	your
50	1	4	day
50	1	5	yesterday
50	1	6	,
50	1	7	did
50	1	8	you
50	1	9	do
50	1	10	anything
50	1	11	interesting
50	1	12	?
			
50	2	1	Yes
50	2	2	,
50	2	3	I
50	2	4	took
50	2	5	the
50	2	6	bus
50	2	7	to
50	2	8	visit
50	2	9	my
50	2	10	grandchildren
50	2	11	.
			
50	3	1	Sounds
50	3	2	like
50	3	3	a
50	3	4	lovely
50	3	5	visit
50	3	6	!
50	3	7	When
50	3	8	do
50	3	9	you
50	3	10	usually
50	3	11	take
50	3	12	the
50	3	13	bus
50	3	14	?
			
50	4	1	I
50	4	2	take
50	4	3	the
50	4	4	bus
50	4	5	every
50	4	6	Saturday
50	4	7	to
50	4	8	go
50	4	9	see
50	4	10	them
50	4	11	.
			
50	5	1	That
50	5	2	's
50	5	3	nice
50	5	4	!
50	5	5	Do
50	5	6	you
50	5	7	find
50	5	8	it
50	5	9	easy
50	5	10	to
50	5	11	get
50	5	12	around
50	5	13	using
50	5	14	the
50	5	15	bus
50	5	16	?
			
50	6	1	Yes
50	6	2	,
50	6	3	the
50	6	4	bus
50	6	5	stop
50	6	6	is
50	6	7	just
50	6	8	a
50	6	9	short
50	6	10	walk
50	6	11	from
50	6	12	my
50	6	13	house
50	6	14	.
			
50	7	1	That
50	7	2	's
50	7	3	convenient
50	7	4	!
50	7	5	Have
50	7	6	you
50	7	7	ever
50	7	8	considered
50	7	9	taking
50	7	10	a
50	7	11	taxi
50	7	12	instead
50	7	13	?
			
50	8	1	Occasionally
50	8	2	,
50	8	3	when
50	8	4	the
50	8	5	weather
50	8	6	is
50	8	7	bad
50	8	8	,
50	8	9	I
50	8	10	take
50	8	11	a
50	8	12	taxi
50	8	13	.
			
			
51	1	1	How
51	1	2	was
51	1	3	your
51	1	4	day
51	1	5	,
51	1	6	Betty
51	1	7	?
			
51	2	1	Oh
51	2	2	,
51	2	3	quite
51	2	4	eventful
51	2	5	!
			
51	3	1	What
51	3	2	did
51	3	3	you
51	3	4	do
51	3	5	?
			
51	4	1	I
51	4	2	took
51	4	3	the
51	4	4	bus
51	4	5	to
51	4	6	the
51	4	7	park
51	4	8	.
			
51	5	1	Sounds
51	5	2	lovely
51	5	3	.
51	5	4	How
51	5	5	was
51	5	6	your
51	5	7	trip
51	5	8	?
			
51	6	1	It
51	6	2	was
51	6	3	smooth
51	6	4	,
51	6	5	thank
51	6	6	you
51	6	7	.
			
51	7	1	Did
51	7	2	you
51	7	3	enjoy
51	7	4	your
51	7	5	time
51	7	6	at
51	7	7	the
51	7	8	park
51	7	9	?
			
51	8	1	Yes
51	8	2	,
51	8	3	I
51	8	4	love
51	8	5	feeding
51	8	6	the
51	8	7	birds
51	8	8	there
51	8	9	.
			
			
